2000,10000,1.5105,0.35904455184936523
2000,10000,1.4835,0.07335710525512695
2000,10000,1.5255,0.07312560081481934
2000,10000,1.51725,0.07338809967041016
2000,10000,1.48725,0.07246255874633789
2000,10000,1.512,0.07360172271728516
2000,10000,1.494,0.07298898696899414
2000,10000,1.53375,0.07365179061889648
2000,10000,1.509,0.07218313217163086
2000,10000,1.48275,0.0720357894897461
2000,10000,1.49175,0.07229280471801758
2000,10000,1.51275,0.073028564453125
2000,10000,1.55025,0.0740821361541748
2000,10000,1.50675,0.0729365348815918
2000,10000,1.533,0.07355856895446777
2000,10000,1.50075,0.07369327545166016
2000,10000,1.515,0.07284283638000488
2000,10000,1.5315,0.07265472412109375
2000,10000,1.497,0.07226777076721191
2000,10000,1.49025,0.07255887985229492
2000,10000,1.49175,0.07366538047790527
2000,10000,1.45275,0.07235455513000488
2000,10000,1.548,0.07509088516235352
2000,10000,1.482,0.072479248046875
2000,10000,1.503,0.07288336753845215
2000,10000,1.506,0.0735781192779541
2000,10000,1.524,0.07303237915039062
2000,10000,1.49775,0.07335066795349121
2000,10000,1.485,0.07232499122619629
2000,10000,1.485,0.07225894927978516
2000,10000,1.52325,0.07386589050292969
2000,10000,1.51875,0.07329225540161133
2000,10000,1.515,0.07378029823303223
2000,10000,1.50975,0.07318282127380371
2000,10000,1.497,0.07396984100341797
2000,10000,1.52175,0.07277679443359375
2000,10000,1.51125,0.07268357276916504
2000,10000,1.4955,0.07248449325561523
2000,10000,1.53225,0.07329607009887695
2000,10000,1.494,0.07301640510559082
2000,10000,1.503,0.07358193397521973
2000,10000,1.52775,0.07394099235534668
2000,10000,1.5105,0.07277679443359375
2000,10000,1.51125,0.07351326942443848
2000,10000,1.49475,0.0723726749420166
2000,10000,1.512,0.07294273376464844
2000,10000,1.53825,0.07348418235778809
2000,10000,1.51275,0.07326650619506836
2000,10000,1.506,0.07324814796447754
2000,10000,1.52175,0.07284688949584961
2000,10000,1.53,0.07294034957885742
2000,10000,1.491,0.07213139533996582
2000,10000,1.5075,0.07273507118225098
2000,10000,1.512,0.07366800308227539
2000,10000,1.49325,0.07288813591003418
2000,10000,1.50225,0.0732421875
2000,10000,1.49925,0.07311820983886719
2000,10000,1.48575,0.0727238655090332
2000,10000,1.494,0.07225394248962402
2000,10000,1.53375,0.07303285598754883
2000,10000,1.50225,0.07299304008483887
2000,10000,1.49925,0.07302427291870117
2000,10000,1.49325,0.0727837085723877
2000,10000,1.503,0.07297945022583008
2000,10000,1.50975,0.07366251945495605
2000,10000,1.47975,0.07164597511291504
2000,10000,1.5195,0.07287788391113281
2000,10000,1.51575,0.0730741024017334
2000,10000,1.51875,0.07314395904541016
2000,10000,1.50525,0.07270336151123047
2000,10000,1.50225,0.07322335243225098
2000,10000,1.49925,0.07346153259277344
2000,10000,1.485,0.072509765625
2000,10000,1.49475,0.07303071022033691
2000,10000,1.52325,0.07351803779602051
2000,10000,1.51275,0.07331657409667969
2000,10000,1.51725,0.07294201850891113
2000,10000,1.49775,0.07268548011779785
2000,10000,1.50675,0.0724639892578125
2000,10000,1.473,0.0727226734161377
2000,10000,1.51125,0.07348060607910156
2000,10000,1.5135,0.07334041595458984
2000,10000,1.4925,0.07263779640197754
2000,10000,1.509,0.07352018356323242
2000,10000,1.4955,0.07367277145385742
2000,10000,1.49925,0.07365083694458008
2000,10000,1.5195,0.07594180107116699
2000,10000,1.4985,0.07435035705566406
2000,10000,1.49775,0.07485318183898926
2000,10000,1.5165,0.07529330253601074
2000,10000,1.494,0.07477664947509766
2000,10000,1.50675,0.07508635520935059
2000,10000,1.53975,0.07561445236206055
2000,10000,1.503,0.07514333724975586
2000,10000,1.536,0.07547903060913086
2000,10000,1.50675,0.07506108283996582
2000,10000,1.51275,0.07470369338989258
2000,10000,1.49025,0.07468128204345703
2000,10000,1.45575,0.07388091087341309
2000,10000,1.5285,0.07511687278747559
2000,10000,1.503,0.07458925247192383
2000,10000,1.50075,0.07331514358520508
2000,10000,1.5105,0.07437252998352051
2000,10000,1.49625,0.07398223876953125
2000,10000,1.50525,0.07508540153503418
2000,10000,1.509,0.07350015640258789
2000,10000,1.53,0.07396888732910156
2000,10000,1.4955,0.07479310035705566
2000,10000,1.4715,0.0730435848236084
2000,10000,1.51575,0.07608413696289062
2000,10000,1.54275,0.07461404800415039
2000,10000,1.51575,0.07537984848022461
2000,10000,1.4985,0.07404422760009766
2000,10000,1.485,0.07423734664916992
2000,10000,1.50825,0.07393741607666016
2000,10000,1.5045,0.07380223274230957
2000,10000,1.51875,0.0740199089050293
2000,10000,1.4895,0.07297778129577637
2000,10000,1.52625,0.07510089874267578
2000,10000,1.5075,0.07383418083190918
2000,10000,1.50675,0.07366299629211426
2000,10000,1.5285,0.0744619369506836
2000,10000,1.56,0.0745229721069336
2000,10000,1.53225,0.07482767105102539
2000,10000,1.509,0.07393097877502441
2000,10000,1.518,0.07370972633361816
2000,10000,1.4985,0.07474112510681152
2000,10000,1.51575,0.07451391220092773
2000,10000,1.49325,0.07402276992797852
2000,10000,1.536,0.07545328140258789
2000,10000,1.50525,0.07447028160095215
2000,10000,1.50375,0.07459020614624023
2000,10000,1.542,0.0751183032989502
2000,10000,1.5315,0.07569479942321777
2000,10000,1.52475,0.07352900505065918
2000,10000,1.50975,0.0728292465209961
2000,10000,1.49775,0.07345104217529297
2000,10000,1.48275,0.07280611991882324
2000,10000,1.4895,0.07301616668701172
2000,10000,1.49325,0.0730891227722168
2000,10000,1.5015,0.0731801986694336
2000,10000,1.4775,0.07225251197814941
2000,10000,1.5195,0.07425999641418457
2000,10000,1.50525,0.07292532920837402
2000,10000,1.5015,0.07256340980529785
2000,10000,1.4715,0.07261466979980469
2000,10000,1.52775,0.07311177253723145
2000,10000,1.52775,0.07323622703552246
2000,10000,1.46925,0.07262730598449707
2000,10000,1.4895,0.07243490219116211
2000,10000,1.5105,0.07337784767150879
2000,10000,1.5345,0.07380890846252441
2000,10000,1.518,0.07335877418518066
2000,10000,1.5315,0.07353878021240234
2000,10000,1.52175,0.0729823112487793
2000,10000,1.491,0.07279300689697266
2000,10000,1.54425,0.07415246963500977
2000,10000,1.51575,0.07288718223571777
2000,10000,1.52775,0.07303619384765625
2000,10000,1.503,0.07292056083679199
2000,10000,1.503,0.07294058799743652
2000,10000,1.53525,0.07393550872802734
2000,10000,1.52325,0.07333230972290039
2000,10000,1.51575,0.07374215126037598
2000,10000,1.49025,0.07275557518005371
2000,10000,1.545,0.0733342170715332
2000,10000,1.53825,0.07330465316772461
2000,10000,1.48275,0.0726613998413086
2000,10000,1.5015,0.0728759765625
2000,10000,1.48875,0.07307744026184082
2000,10000,1.5,0.074951171875
2000,10000,1.542,0.07580184936523438
2000,10000,1.52475,0.07580375671386719
2000,10000,1.545,0.07503652572631836
2000,10000,1.4955,0.07280945777893066
2000,10000,1.54125,0.07522344589233398
2000,10000,1.50375,0.07380127906799316
2000,10000,1.50225,0.07523941993713379
2000,10000,1.512,0.07516217231750488
2000,10000,1.49025,0.07431912422180176
2000,10000,1.52175,0.07367157936096191
2000,10000,1.515,0.07314491271972656
2000,10000,1.503,0.0726172924041748
2000,10000,1.50825,0.07330846786499023
2000,10000,1.5135,0.07323765754699707
2000,10000,1.476,0.07259511947631836
2000,10000,1.50225,0.07413268089294434
2000,10000,1.52325,0.07577085494995117
2000,10000,1.49025,0.07541203498840332
2000,10000,1.4955,0.07536149024963379
2000,10000,1.51725,0.07499122619628906
2000,10000,1.52625,0.07404756546020508
2000,10000,1.518,0.07406425476074219
2000,10000,1.506,0.0731654167175293
2000,10000,1.4955,0.07322239875793457
2000,10000,1.48575,0.07250475883483887
2000,10000,1.512,0.07309627532958984
2000,10000,1.50825,0.0737755298614502
2000,10000,1.51275,0.07419061660766602
2000,10000,1.52175,0.07372736930847168
2000,10000,1.50375,0.07323026657104492
2000,10000,1.5135,0.07351899147033691
2000,10000,1.515,0.07386136054992676
2000,10000,1.5045,0.073486328125
2000,10000,1.47225,0.07220220565795898
2000,10000,1.52325,0.0733790397644043
2000,10000,1.53525,0.07417416572570801
2000,10000,1.45725,0.07239270210266113
2000,10000,1.53,0.07419657707214355
2000,10000,1.512,0.0746297836303711
2000,10000,1.49925,0.07345008850097656
2000,10000,1.5345,0.07417035102844238
2000,10000,1.5075,0.07338690757751465
2000,10000,1.50825,0.07299089431762695
2000,10000,1.50975,0.07461333274841309
2000,10000,1.52775,0.07663750648498535
2000,10000,1.46175,0.07522082328796387
2000,10000,1.5105,0.07640194892883301
2000,10000,1.50375,0.07498931884765625
2000,10000,1.46325,0.07265138626098633
2000,10000,1.49475,0.07444071769714355
2000,10000,1.52625,0.07463836669921875
2000,10000,1.506,0.07512450218200684
2000,10000,1.476,0.07353925704956055
2000,10000,1.52475,0.07396864891052246
2000,10000,1.545,0.07338213920593262
2000,10000,1.491,0.0730597972869873
2000,10000,1.49025,0.0724177360534668
2000,10000,1.51725,0.07341909408569336
2000,10000,1.473,0.07246565818786621
2000,10000,1.518,0.07312917709350586
2000,10000,1.50525,0.07295870780944824
2000,10000,1.49025,0.07223701477050781
2000,10000,1.52475,0.07352685928344727
2000,10000,1.494,0.0728447437286377
2000,10000,1.524,0.07305765151977539
2000,10000,1.524,0.07396411895751953
2000,10000,1.53375,0.07442188262939453
2000,10000,1.5345,0.07384252548217773
2000,10000,1.49325,0.07308816909790039
2000,10000,1.47825,0.07336187362670898
2000,10000,1.5225,0.0733191967010498
2000,10000,1.50675,0.07322406768798828
2000,10000,1.53225,0.07370352745056152
2000,10000,1.518,0.07308769226074219
2000,10000,1.521,0.07312726974487305
2000,10000,1.52325,0.07452869415283203
2000,10000,1.5015,0.07387542724609375
2000,10000,1.52475,0.07357573509216309
2000,10000,1.4595,0.07228660583496094
2000,10000,1.5105,0.07303166389465332
2000,10000,1.53375,0.07381010055541992
2000,10000,1.506,0.07326364517211914
2000,10000,1.533,0.07385754585266113
2000,10000,1.52025,0.07314467430114746
2000,10000,1.512,0.07335782051086426
2000,10000,1.5285,0.07374429702758789
2000,10000,1.5165,0.07347440719604492
2000,10000,1.49175,0.07293128967285156
2000,10000,1.509,0.07281708717346191
2000,10000,1.47975,0.07242035865783691
2000,10000,1.539,0.0735011100769043
2000,10000,1.491,0.07304048538208008
2000,10000,1.49775,0.07529067993164062
2000,10000,1.509,0.07525110244750977
2000,10000,1.4835,0.07398009300231934
2000,10000,1.515,0.07469034194946289
2000,10000,1.5435,0.07449913024902344
2000,10000,1.506,0.07315564155578613
2000,10000,1.51125,0.07281923294067383
2000,10000,1.49025,0.07317614555358887
2000,10000,1.503,0.07267618179321289
2000,10000,1.5015,0.0728006362915039
2000,10000,1.52325,0.07350015640258789
2000,10000,1.55625,0.07382607460021973
2000,10000,1.51725,0.07289862632751465
2000,10000,1.48575,0.07269740104675293
2000,10000,1.47675,0.07264184951782227
2000,10000,1.518,0.07370114326477051
2000,10000,1.50375,0.07305216789245605
2000,10000,1.509,0.07286190986633301
2000,10000,1.518,0.07312822341918945
2000,10000,1.51875,0.07371640205383301
2000,10000,1.509,0.07291245460510254
2000,10000,1.51125,0.0726621150970459
2000,10000,1.48875,0.07214498519897461
2000,10000,1.4985,0.07278323173522949
2000,10000,1.5,0.07261919975280762
2000,10000,1.5255,0.07338666915893555
2000,10000,1.524,0.07405304908752441
2000,10000,1.53975,0.07344388961791992
2000,10000,1.49325,0.07259821891784668
2000,10000,1.54425,0.07448577880859375
2000,10000,1.48275,0.07305407524108887
2000,10000,1.51425,0.07340621948242188
2000,10000,1.51725,0.07350754737854004
2000,10000,1.506,0.07320284843444824
2000,10000,1.5225,0.07334136962890625
2000,10000,1.51575,0.07321000099182129
2000,10000,1.5075,0.07281780242919922
2000,10000,1.515,0.07295083999633789
2000,10000,1.48275,0.07209134101867676
2000,10000,1.53,0.07345366477966309
2000,10000,1.5075,0.07312178611755371
2000,10000,1.524,0.07344865798950195
2000,10000,1.4745,0.07298064231872559
2000,10000,1.48425,0.07293200492858887
2000,10000,1.4955,0.07300400733947754
2000,10000,1.497,0.07299327850341797
2000,10000,1.494,0.07212257385253906
2000,10000,1.509,0.0728614330291748
2000,10000,1.512,0.07439470291137695
2000,10000,1.5225,0.07434344291687012
2000,10000,1.53675,0.07511734962463379
2000,10000,1.54875,0.07396459579467773
2000,10000,1.4865,0.07437634468078613
2000,10000,1.48275,0.07294297218322754
2000,10000,1.49625,0.07270431518554688
2000,10000,1.46625,0.07210254669189453
2000,10000,1.518,0.07418632507324219
2000,10000,1.5015,0.07262444496154785
2000,10000,1.5255,0.07326722145080566
2000,10000,1.5045,0.07287812232971191
2000,10000,1.521,0.0737295150756836
2000,10000,1.51425,0.07317376136779785
2000,10000,1.49325,0.07317566871643066
2000,10000,1.512,0.07345819473266602
2000,10000,1.49625,0.07242703437805176
2000,10000,1.536,0.07379865646362305
2000,10000,1.536,0.07357382774353027
2000,10000,1.497,0.07245230674743652
2000,10000,1.5285,0.07352447509765625
2000,10000,1.49625,0.07280302047729492
2000,10000,1.50525,0.0739126205444336
2000,10000,1.48725,0.07258367538452148
2000,10000,1.50075,0.07395267486572266
2000,10000,1.5195,0.07304263114929199
2000,10000,1.521,0.07363462448120117
2000,10000,1.53225,0.0735938549041748
2000,10000,1.488,0.07255959510803223
2000,10000,1.5015,0.07351517677307129
2000,10000,1.509,0.07341480255126953
2000,10000,1.551,0.07409071922302246
2000,10000,1.5105,0.0735177993774414
2000,10000,1.4895,0.07245826721191406
2000,10000,1.4715,0.07286453247070312
2000,10000,1.50075,0.07353901863098145
2000,10000,1.54725,0.07420516014099121
2000,10000,1.48275,0.07193470001220703
2000,10000,1.4955,0.07295846939086914
2000,10000,1.50975,0.07296514511108398
2000,10000,1.54575,0.07400202751159668
2000,10000,1.512,0.07356405258178711
2000,10000,1.49925,0.07270956039428711
2000,10000,1.488,0.0722353458404541
2000,10000,1.50375,0.07317113876342773
2000,10000,1.47225,0.07214808464050293
2000,10000,1.48875,0.07256364822387695
2000,10000,1.51125,0.07543754577636719
2000,10000,1.542,0.07457709312438965
2000,10000,1.52325,0.07405686378479004
2000,10000,1.51425,0.07407379150390625
2000,10000,1.485,0.07289862632751465
2000,10000,1.542,0.07438325881958008
2000,10000,1.51875,0.07434701919555664
2000,10000,1.5105,0.07403969764709473
2000,10000,1.52175,0.07423663139343262
2000,10000,1.5255,0.07444357872009277
2000,10000,1.54425,0.07552051544189453
2000,10000,1.53225,0.07370686531066895
2000,10000,1.5165,0.0731041431427002
2000,10000,1.518,0.07356023788452148
2000,10000,1.49925,0.07264947891235352
2000,10000,1.51875,0.0735468864440918
2000,10000,1.524,0.07313203811645508
2000,10000,1.49175,0.07322001457214355
2000,10000,1.49475,0.07561397552490234
2000,10000,1.464,0.07361817359924316
2000,10000,1.49175,0.07466435432434082
2000,10000,1.50525,0.07419991493225098
2000,10000,1.50975,0.07325053215026855
2000,10000,1.515,0.07337617874145508
2000,10000,1.48575,0.07261991500854492
2000,10000,1.5,0.0722038745880127
2000,10000,1.5255,0.0730891227722168
2000,10000,1.52175,0.07329845428466797
2000,10000,1.50975,0.07282757759094238
2000,10000,1.536,0.07377099990844727
2000,10000,1.4775,0.07263612747192383
2000,10000,1.52325,0.07278609275817871
2000,10000,1.5075,0.07257723808288574
2000,10000,1.4985,0.07271814346313477
2000,10000,1.5045,0.07326602935791016
2000,10000,1.50075,0.07308554649353027
2000,10000,1.52475,0.07329583168029785
2000,10000,1.49625,0.07273173332214355
2000,10000,1.5405,0.07416486740112305
2000,10000,1.52175,0.07318305969238281
2000,10000,1.51575,0.07321691513061523
2000,10000,1.5045,0.07259130477905273
2000,10000,1.47825,0.07342934608459473
2000,10000,1.515,0.07344436645507812
2000,10000,1.545,0.07402563095092773
2000,10000,1.51875,0.07321858406066895
2000,10000,1.485,0.07267522811889648
2000,10000,1.50675,0.07316112518310547
2000,10000,1.48575,0.0723562240600586
2000,10000,1.54275,0.07393002510070801
2000,10000,1.48725,0.0722815990447998
2000,10000,1.5045,0.07323503494262695
2000,10000,1.49175,0.07297968864440918
2000,10000,1.506,0.07340717315673828
2000,10000,1.49925,0.07272815704345703
2000,10000,1.488,0.07265758514404297
2000,10000,1.5075,0.07336091995239258
2000,10000,1.503,0.0733950138092041
2000,10000,1.49625,0.0725870132446289
2000,10000,1.52625,0.07376980781555176
2000,10000,1.51425,0.07312130928039551
2000,10000,1.51575,0.07332205772399902
2000,10000,1.509,0.07360363006591797
2000,10000,1.53975,0.07379841804504395
2000,10000,1.506,0.07338833808898926
2000,10000,1.53975,0.07332992553710938
2000,10000,1.512,0.0733790397644043
2000,10000,1.51425,0.07315754890441895
2000,10000,1.49625,0.07290029525756836
2000,10000,1.53,0.074066162109375
2000,10000,1.524,0.07420682907104492
2000,10000,1.5525,0.07460665702819824
2000,10000,1.48875,0.07344746589660645
2000,10000,1.503,0.07387351989746094
2000,10000,1.5195,0.07360625267028809
2000,10000,1.551,0.07478928565979004
2000,10000,1.51725,0.07321333885192871
2000,10000,1.51125,0.07324099540710449
2000,10000,1.518,0.07303237915039062
2000,10000,1.506,0.07302284240722656
2000,10000,1.49625,0.07277464866638184
2000,10000,1.55625,0.07403278350830078
2000,10000,1.5465,0.07469320297241211
2000,10000,1.51575,0.07300329208374023
2000,10000,1.545,0.07488846778869629
2000,10000,1.47075,0.07208013534545898
2000,10000,1.49325,0.07220697402954102
2000,10000,1.515,0.0727541446685791
2000,10000,1.50075,0.07261943817138672
2000,10000,1.54725,0.07385468482971191
2000,10000,1.485,0.071929931640625
2000,10000,1.52025,0.0732119083404541
2000,10000,1.503,0.07331323623657227
2000,10000,1.49775,0.0727534294128418
2000,10000,1.4835,0.07289838790893555
2000,10000,1.53075,0.07330513000488281
2000,10000,1.49625,0.07323145866394043
2000,10000,1.51575,0.0727849006652832
2000,10000,1.48875,0.07290840148925781
2000,10000,1.506,0.07276391983032227
2000,10000,1.5195,0.07297229766845703
2000,10000,1.5375,0.07345056533813477
2000,10000,1.5,0.07321929931640625
2000,10000,1.49925,0.07268404960632324
2000,10000,1.50525,0.07272076606750488
2000,10000,1.51425,0.07329654693603516
2000,10000,1.524,0.07335495948791504
2000,10000,1.5045,0.07261943817138672
2000,10000,1.4775,0.07177376747131348
2000,10000,1.5375,0.07346582412719727
2000,10000,1.521,0.07327985763549805
2000,10000,1.50975,0.0729970932006836
2000,10000,1.5015,0.07363009452819824
2000,10000,1.49775,0.07301115989685059
2000,10000,1.48425,0.07244467735290527
2000,10000,1.5525,0.0737462043762207
2000,10000,1.497,0.07300591468811035
2000,10000,1.5135,0.07315802574157715
2000,10000,1.48275,0.07265472412109375
2000,10000,1.51275,0.07351255416870117
2000,10000,1.49175,0.07291078567504883
2000,10000,1.521,0.07307004928588867
2000,10000,1.5165,0.07416081428527832
2000,10000,1.539,0.0737919807434082
2000,10000,1.50975,0.07292914390563965
2000,10000,1.5105,0.07335662841796875
2000,10000,1.49625,0.07260704040527344
2000,10000,1.5225,0.07344698905944824
2000,10000,1.5315,0.07297492027282715
2000,10000,1.47375,0.0722498893737793
2000,10000,1.4955,0.0728607177734375
2000,10000,1.50825,0.07338666915893555
2000,10000,1.506,0.07285380363464355
2000,10000,1.51125,0.07317137718200684
2000,10000,1.4565,0.07361412048339844
2000,10000,1.533,0.0747218132019043
2000,10000,1.55625,0.07538986206054688
2000,10000,1.46925,0.0721750259399414
2000,10000,1.52025,0.07273030281066895
2000,10000,1.485,0.07245182991027832
2000,10000,1.4865,0.07291793823242188
2000,10000,1.5285,0.0730741024017334
2000,10000,1.4775,0.072418212890625
2000,10000,1.491,0.0728614330291748
2000,10000,1.51725,0.07331657409667969
2000,10000,1.506,0.07280278205871582
2000,10000,1.5195,0.0731346607208252
2000,10000,1.5105,0.07318544387817383
2000,10000,1.50975,0.07354283332824707
2000,10000,1.50075,0.07325458526611328
2000,10000,1.512,0.07311534881591797
2000,10000,1.506,0.07350707054138184
2000,10000,1.497,0.07306194305419922
2000,10000,1.53,0.07462596893310547
2000,10000,1.503,0.07329130172729492
2000,10000,1.49175,0.07318973541259766
2000,10000,1.47675,0.07238602638244629
2000,10000,1.497,0.07435846328735352
2000,10000,1.52925,0.0747683048248291
2000,10000,1.5525,0.07548809051513672
2000,10000,1.50975,0.07394146919250488
2000,10000,1.5045,0.07365727424621582
2000,10000,1.49625,0.07308697700500488
2000,10000,1.53975,0.0739905834197998
2000,10000,1.5345,0.07336187362670898
2000,10000,1.473,0.07227063179016113
2000,10000,1.5015,0.07301545143127441
2000,10000,1.494,0.07302713394165039
2000,10000,1.503,0.07290863990783691
2000,10000,1.5075,0.07294321060180664
2000,10000,1.53,0.07353663444519043
2000,10000,1.48575,0.07293510437011719
2000,10000,1.53075,0.07344388961791992
2000,10000,1.51425,0.07341623306274414
2000,10000,1.482,0.07298731803894043
2000,10000,1.5255,0.07375359535217285
2000,10000,1.5165,0.07330846786499023
2000,10000,1.5,0.07309746742248535
2000,10000,1.4685,0.07230257987976074
2000,10000,1.461,0.07245421409606934
2000,10000,1.50525,0.07303476333618164
2000,10000,1.52025,0.07353711128234863
2000,10000,1.5045,0.07338857650756836
2000,10000,1.52025,0.07394289970397949
2000,10000,1.50225,0.07276344299316406
2000,10000,1.5225,0.07322359085083008
2000,10000,1.494,0.07281613349914551
2000,10000,1.49325,0.0727701187133789
2000,10000,1.491,0.07271242141723633
2000,10000,1.49925,0.07288813591003418
2000,10000,1.515,0.07284712791442871
2000,10000,1.53075,0.07306027412414551
2000,10000,1.491,0.07310271263122559
2000,10000,1.5255,0.07384538650512695
2000,10000,1.5465,0.07322406768798828
2000,10000,1.5225,0.0733640193939209
2000,10000,1.53375,0.07405757904052734
2000,10000,1.53,0.07341504096984863
2000,10000,1.56825,0.0739901065826416
2000,10000,1.53075,0.0732412338256836
2000,10000,1.509,0.07305431365966797
2000,10000,1.50075,0.07259893417358398
2000,10000,1.5,0.07269096374511719
2000,10000,1.515,0.07299304008483887
2000,10000,1.5615,0.07405686378479004
2000,10000,1.51275,0.07332992553710938
2000,10000,1.53975,0.07341456413269043
2000,10000,1.5075,0.07302641868591309
2000,10000,1.51875,0.0735476016998291
2000,10000,1.48725,0.07254481315612793
2000,10000,1.52475,0.07346606254577637
2000,10000,1.4835,0.07219767570495605
2000,10000,1.497,0.07289385795593262
2000,10000,1.509,0.07320189476013184
2000,10000,1.5,0.07266545295715332
2000,10000,1.51875,0.0733330249786377
2000,10000,1.49475,0.07241964340209961
2000,10000,1.4805,0.07213926315307617
2000,10000,1.5465,0.07338619232177734
2000,10000,1.47075,0.07197833061218262
2000,10000,1.5255,0.0730750560760498
2000,10000,1.5255,0.07381296157836914
2000,10000,1.515,0.0744321346282959
2000,10000,1.52775,0.07510995864868164
2000,10000,1.533,0.0754551887512207
2000,10000,1.473,0.07389307022094727
2000,10000,1.5405,0.07473111152648926
2000,10000,1.518,0.07414054870605469
2000,10000,1.4955,0.07449555397033691
2000,10000,1.51725,0.07561826705932617
2000,10000,1.48575,0.07435441017150879
2000,10000,1.45425,0.07445454597473145
2000,10000,1.488,0.07431435585021973
2000,10000,1.509,0.07378578186035156
2000,10000,1.5015,0.07274889945983887
2000,10000,1.518,0.07259821891784668
2000,10000,1.5135,0.07257223129272461
2000,10000,1.5135,0.07262206077575684
2000,10000,1.506,0.07267594337463379
2000,10000,1.51275,0.07370829582214355
2000,10000,1.4685,0.07389187812805176
2000,10000,1.5105,0.07483267784118652
2000,10000,1.5165,0.07502365112304688
2000,10000,1.47225,0.07360219955444336
2000,10000,1.506,0.07377409934997559
2000,10000,1.50225,0.07299566268920898
2000,10000,1.50825,0.07300710678100586
2000,10000,1.494,0.07286238670349121
2000,10000,1.4925,0.07301187515258789
2000,10000,1.50675,0.0733790397644043
2000,10000,1.53375,0.07338809967041016
2000,10000,1.52175,0.07364249229431152
2000,10000,1.4535,0.07167267799377441
2000,10000,1.494,0.07305431365966797
2000,10000,1.52775,0.07333111763000488
2000,10000,1.5345,0.07353401184082031
2000,10000,1.4985,0.07369518280029297
2000,10000,1.53225,0.07347488403320312
2000,10000,1.4835,0.07258152961730957
2000,10000,1.4925,0.07260394096374512
2000,10000,1.5255,0.07332944869995117
2000,10000,1.52775,0.07426738739013672
2000,10000,1.509,0.0728905200958252
2000,10000,1.509,0.07289242744445801
2000,10000,1.49475,0.07274389266967773
2000,10000,1.49925,0.07276463508605957
2000,10000,1.5225,0.07317781448364258
2000,10000,1.51575,0.07445049285888672
2000,10000,1.53675,0.07674026489257812
2000,10000,1.50075,0.0781097412109375
2000,10000,1.527,0.07776474952697754
2000,10000,1.5045,0.07472753524780273
2000,10000,1.49325,0.07461977005004883
2000,10000,1.51575,0.07429742813110352
2000,10000,1.49475,0.07517838478088379
2000,10000,1.494,0.07444620132446289
2000,10000,1.51125,0.07454156875610352
2000,10000,1.4715,0.07305788993835449
2000,10000,1.48725,0.07320904731750488
2000,10000,1.524,0.07424783706665039
2000,10000,1.4865,0.07314062118530273
2000,10000,1.51725,0.0738670825958252
2000,10000,1.527,0.07515764236450195
2000,10000,1.527,0.07422661781311035
2000,10000,1.52325,0.0739736557006836
2000,10000,1.4865,0.0745089054107666
2000,10000,1.48725,0.07415580749511719
2000,10000,1.491,0.07326936721801758
2000,10000,1.52775,0.07468461990356445
2000,10000,1.5345,0.07504725456237793
2000,10000,1.49025,0.07335066795349121
2000,10000,1.52925,0.07425546646118164
2000,10000,1.49475,0.07308745384216309
2000,10000,1.51425,0.07338261604309082
2000,10000,1.49175,0.07400035858154297
2000,10000,1.47825,0.07392072677612305
2000,10000,1.51125,0.07381463050842285
2000,10000,1.494,0.07339835166931152
2000,10000,1.479,0.07291793823242188
2000,10000,1.5165,0.07401871681213379
2000,10000,1.53375,0.07464957237243652
2000,10000,1.52025,0.07362079620361328
2000,10000,1.52325,0.07626485824584961
2000,10000,1.4985,0.07385468482971191
2000,10000,1.52325,0.07424402236938477
2000,10000,1.47375,0.07382535934448242
2000,10000,1.479,0.07375693321228027
2000,10000,1.518,0.0745694637298584
2000,10000,1.47375,0.07232928276062012
2000,10000,1.49325,0.07253241539001465
2000,10000,1.50225,0.07274031639099121
2000,10000,1.5015,0.0729060173034668
2000,10000,1.5,0.07267022132873535
2000,10000,1.52175,0.07343697547912598
2000,10000,1.49925,0.07312202453613281
2000,10000,1.521,0.07423615455627441
2000,10000,1.52175,0.07432842254638672
2000,10000,1.50525,0.07507109642028809
2000,10000,1.51275,0.07486271858215332
2000,10000,1.488,0.07384967803955078
2000,10000,1.5135,0.07353997230529785
2000,10000,1.49925,0.07297062873840332
2000,10000,1.497,0.07326054573059082
2000,10000,1.5075,0.0732569694519043
2000,10000,1.53975,0.07349491119384766
2000,10000,1.51125,0.07249879837036133
2000,10000,1.51875,0.07315516471862793
2000,10000,1.527,0.07314825057983398
2000,10000,1.51875,0.07294750213623047
2000,10000,1.4505,0.07204270362854004
2000,10000,1.5285,0.07314658164978027
2000,10000,1.521,0.0732276439666748
2000,10000,1.53075,0.07386088371276855
2000,10000,1.4775,0.0723867416381836
2000,10000,1.548,0.07358813285827637
2000,10000,1.51425,0.07322239875793457
2000,10000,1.509,0.0732266902923584
2000,10000,1.554,0.07364511489868164
2000,10000,1.473,0.07250118255615234
2000,10000,1.4955,0.07363653182983398
2000,10000,1.51425,0.07329154014587402
2000,10000,1.521,0.07304811477661133
2000,10000,1.50825,0.07263684272766113
2000,10000,1.52175,0.07361721992492676
2000,10000,1.518,0.07242512702941895
2000,10000,1.47675,0.07197904586791992
2000,10000,1.5405,0.07354950904846191
2000,10000,1.49625,0.07240962982177734
2000,10000,1.5,0.07273435592651367
2000,10000,1.488,0.0730600357055664
2000,10000,1.54425,0.07357978820800781
2000,10000,1.506,0.07304644584655762
2000,10000,1.52325,0.07318377494812012
2000,10000,1.54275,0.07404756546020508
2000,10000,1.51875,0.07330489158630371
2000,10000,1.50075,0.07290101051330566
2000,10000,1.4715,0.07309103012084961
2000,10000,1.542,0.07345938682556152
2000,10000,1.4895,0.07243728637695312
2000,10000,1.48875,0.07293343544006348
2000,10000,1.497,0.07270479202270508
2000,10000,1.5045,0.07400131225585938
2000,10000,1.509,0.0727996826171875
2000,10000,1.50675,0.0738077163696289
2000,10000,1.54425,0.07498669624328613
2000,10000,1.494,0.07379937171936035
2000,10000,1.5315,0.07343840599060059
2000,10000,1.53225,0.07398295402526855
2000,10000,1.4535,0.07213020324707031
2000,10000,1.533,0.0735931396484375
2000,10000,1.50975,0.07355570793151855
2000,10000,1.51575,0.07276177406311035
2000,10000,1.51875,0.07351040840148926
2000,10000,1.50675,0.07326340675354004
2000,10000,1.5165,0.07313108444213867
2000,10000,1.51425,0.07300758361816406
2000,10000,1.515,0.07346510887145996
2000,10000,1.49925,0.07309794425964355
2000,10000,1.4805,0.07282447814941406
2000,10000,1.5165,0.07323169708251953
2000,10000,1.51875,0.07256960868835449
2000,10000,1.497,0.07298851013183594
2000,10000,1.49175,0.07238912582397461
2000,10000,1.479,0.07274198532104492
2000,10000,1.4775,0.07281255722045898
2000,10000,1.50075,0.07382631301879883
2000,10000,1.503,0.07321429252624512
2000,10000,1.50375,0.07352852821350098
2000,10000,1.4715,0.07228970527648926
2000,10000,1.506,0.0728764533996582
2000,10000,1.49925,0.07311248779296875
2000,10000,1.53825,0.07355141639709473
2000,10000,1.49775,0.07335162162780762
2000,10000,1.572,0.07458639144897461
2000,10000,1.5015,0.07278871536254883
2000,10000,1.5165,0.07326102256774902
2000,10000,1.49775,0.07332730293273926
2000,10000,1.48575,0.07263875007629395
2000,10000,1.5135,0.07316994667053223
2000,10000,1.5285,0.07375860214233398
2000,10000,1.53075,0.0735931396484375
2000,10000,1.47525,0.07211852073669434
2000,10000,1.485,0.07265019416809082
2000,10000,1.4985,0.0731658935546875
2000,10000,1.512,0.0731661319732666
2000,10000,1.5,0.07413387298583984
2000,10000,1.503,0.07222700119018555
2000,10000,1.53375,0.07309579849243164
2000,10000,1.4955,0.0730733871459961
2000,10000,1.5,0.07273435592651367
2000,10000,1.50375,0.07281184196472168
2000,10000,1.527,0.07367897033691406
2000,10000,1.50525,0.07293248176574707
2000,10000,1.5255,0.07344818115234375
2000,10000,1.54275,0.07375288009643555
2000,10000,1.494,0.07272887229919434
2000,10000,1.53825,0.07381010055541992
2000,10000,1.53975,0.07361221313476562
2000,10000,1.4715,0.07239151000976562
2000,10000,1.527,0.07372212409973145
2000,10000,1.4775,0.07242441177368164
2000,10000,1.5015,0.07277870178222656
2000,10000,1.53825,0.07341384887695312
2000,10000,1.5195,0.07372903823852539
2000,10000,1.51575,0.07365584373474121
2000,10000,1.5075,0.07283639907836914
2000,10000,1.52625,0.07341504096984863
2000,10000,1.5015,0.07268285751342773
2000,10000,1.545,0.07366132736206055
2000,10000,1.49925,0.07234716415405273
2000,10000,1.5555,0.07362842559814453
2000,10000,1.485,0.07226157188415527
2000,10000,1.5315,0.07389950752258301
2000,10000,1.50525,0.07252979278564453
2000,10000,1.49775,0.07267570495605469
2000,10000,1.518,0.07307696342468262
2000,10000,1.53225,0.07368326187133789
2000,10000,1.50975,0.07287287712097168
2000,10000,1.5045,0.07286500930786133
2000,10000,1.5165,0.07346677780151367
2000,10000,1.50525,0.07285284996032715
2000,10000,1.51125,0.07278656959533691
2000,10000,1.52025,0.07273077964782715
2000,10000,1.51275,0.0733945369720459
2000,10000,1.5015,0.07297253608703613
2000,10000,1.50675,0.07367372512817383
2000,10000,1.48725,0.07354283332824707
2000,10000,1.52475,0.07332921028137207
2000,10000,1.4655,0.07179808616638184
2000,10000,1.536,0.07342910766601562
2000,10000,1.51275,0.07276463508605957
2000,10000,1.54425,0.07420492172241211
2000,10000,1.46475,0.07235145568847656
2000,10000,1.5165,0.0740196704864502
2000,10000,1.5105,0.07309532165527344
2000,10000,1.50675,0.07405924797058105
2000,10000,1.5075,0.07349157333374023
2000,10000,1.52025,0.07312321662902832
2000,10000,1.509,0.07316303253173828
2000,10000,1.47675,0.07214236259460449
2000,10000,1.551,0.07396984100341797
2000,10000,1.4835,0.07245206832885742
2000,10000,1.4895,0.07247114181518555
2000,10000,1.53375,0.07377362251281738
2000,10000,1.48575,0.07271838188171387
2000,10000,1.5285,0.07310962677001953
2000,10000,1.51875,0.07358169555664062
2000,10000,1.48575,0.07233214378356934
2000,10000,1.53975,0.07362771034240723
2000,10000,1.53,0.0731196403503418
2000,10000,1.4895,0.07300543785095215
2000,10000,1.48125,0.07254290580749512
2000,10000,1.5015,0.07322049140930176
2000,10000,1.49625,0.07279586791992188
2000,10000,1.47525,0.0724339485168457
2000,10000,1.51425,0.07368683815002441
2000,10000,1.524,0.07343721389770508
2000,10000,1.52925,0.07366085052490234
2000,10000,1.494,0.07343721389770508
2000,10000,1.47975,0.0733950138092041
2000,10000,1.5435,0.07424259185791016
2000,10000,1.52325,0.07383012771606445
2000,10000,1.52025,0.07433390617370605
2000,10000,1.4985,0.07320261001586914
2000,10000,1.4925,0.07294893264770508
2000,10000,1.485,0.07254338264465332
2000,10000,1.50675,0.07316470146179199
2000,10000,1.49925,0.07287716865539551
2000,10000,1.5375,0.07336854934692383
2000,10000,1.53975,0.07436394691467285
2000,10000,1.479,0.07330107688903809
2000,10000,1.509,0.07320261001586914
2000,10000,1.50225,0.07329750061035156
2000,10000,1.524,0.07309865951538086
2000,10000,1.5435,0.0740966796875
2000,10000,1.5165,0.0739901065826416
2000,10000,1.515,0.07401323318481445
2000,10000,1.527,0.07360434532165527
2000,10000,1.509,0.07310080528259277
2000,10000,1.5,0.0726783275604248
2000,10000,1.48875,0.07269859313964844
2000,10000,1.51575,0.07327103614807129
2000,10000,1.53225,0.07333850860595703
2000,10000,1.53225,0.07367849349975586
2000,10000,1.51875,0.07290196418762207
2000,10000,1.50075,0.07299971580505371
2000,10000,1.46775,0.07240653038024902
2000,10000,1.51725,0.07288503646850586
2000,10000,1.4925,0.0727376937866211
2000,10000,1.49625,0.07264137268066406
2000,10000,1.52175,0.07387590408325195
2000,10000,1.52775,0.07312130928039551
2000,10000,1.56075,0.07406187057495117
2000,10000,1.5015,0.07239198684692383
2000,10000,1.4715,0.0722956657409668
2000,10000,1.52175,0.07312798500061035
2000,10000,1.54725,0.0733633041381836
2000,10000,1.47975,0.0717921257019043
2000,10000,1.515,0.07316899299621582
2000,10000,1.53375,0.07387781143188477
2000,10000,1.4955,0.07324934005737305
2000,10000,1.49175,0.0727694034576416
2000,10000,1.527,0.07334208488464355
2000,10000,1.49475,0.07220292091369629
2000,10000,1.4985,0.07301902770996094
2000,10000,1.4985,0.07248806953430176
2000,10000,1.50975,0.07342171669006348
2000,10000,1.4595,0.07202720642089844
2000,10000,1.50075,0.07348227500915527
2000,10000,1.51425,0.07328200340270996
2000,10000,1.50525,0.07328605651855469
2000,10000,1.5195,0.07387638092041016
2000,10000,1.521,0.07382392883300781
2000,10000,1.53075,0.0733633041381836
2000,10000,1.473,0.07265853881835938
2000,10000,1.48725,0.07274198532104492
2000,10000,1.53825,0.07352876663208008
2000,10000,1.51575,0.07252669334411621
2000,10000,1.485,0.0724492073059082
2000,10000,1.53675,0.07359433174133301
2000,10000,1.5105,0.07267141342163086
2000,10000,1.4925,0.0724802017211914
2000,10000,1.50825,0.0732424259185791
2000,10000,1.488,0.07254481315612793
2000,10000,1.479,0.07402443885803223
2000,10000,1.518,0.07340717315673828
2000,10000,1.5165,0.07323956489562988
2000,10000,1.53,0.07355403900146484
2000,10000,1.476,0.07264113426208496
2000,10000,1.52175,0.07489562034606934
2000,10000,1.54125,0.07438397407531738
2000,10000,1.479,0.07363343238830566
2000,10000,1.49775,0.07331156730651855
2000,10000,1.539,0.07434344291687012
2000,10000,1.53825,0.07444143295288086
2000,10000,1.5105,0.07349085807800293
2000,10000,1.497,0.07333707809448242
2000,10000,1.49475,0.074066162109375
2000,10000,1.494,0.07365655899047852
2000,10000,1.494,0.07348203659057617
2000,10000,1.4715,0.07428336143493652
2000,10000,1.485,0.07444977760314941
2000,10000,1.4925,0.07317471504211426
2000,10000,1.50225,0.07330942153930664
2000,10000,1.48575,0.07337784767150879
2000,10000,1.509,0.0966644287109375
2000,10000,1.52775,0.07416939735412598
2000,10000,1.521,0.07366180419921875
2000,10000,1.49475,0.0730900764465332
2000,10000,1.49775,0.07435321807861328
2000,10000,1.4715,0.07259678840637207
2000,10000,1.4925,0.0738067626953125
2000,10000,1.4985,0.0736386775970459
2000,10000,1.54875,0.0743715763092041
2000,10000,1.5,0.07413053512573242
2000,10000,1.4985,0.07435035705566406
2000,10000,1.527,0.07449769973754883
2000,10000,1.50675,0.07441544532775879
2000,10000,1.51575,0.07444930076599121
2000,10000,1.509,0.07518482208251953
2000,10000,1.51725,0.07400894165039062
2000,10000,1.479,0.07336091995239258
2000,10000,1.4865,0.07403755187988281
2000,10000,1.49325,0.07421326637268066
2000,10000,1.47,0.07414078712463379
2000,10000,1.50825,0.07348918914794922
2000,10000,1.52325,0.07411360740661621
2000,10000,1.54275,0.07574868202209473
2000,10000,1.48125,0.07488775253295898
2000,10000,1.479,0.07444286346435547
2000,10000,1.53225,0.07585024833679199
2000,10000,1.539,0.07614994049072266
2000,10000,1.5225,0.0755462646484375
2000,10000,1.488,0.07427549362182617
2000,10000,1.5135,0.0739755630493164
2000,10000,1.50675,0.07290291786193848
2000,10000,1.50825,0.07299542427062988
2000,10000,1.4925,0.07303142547607422
2000,10000,1.488,0.07302641868591309
2000,10000,1.5345,0.07361221313476562
2000,10000,1.5135,0.07442450523376465
2000,10000,1.46475,0.07271695137023926
2000,10000,1.521,0.07361531257629395
2000,10000,1.50525,0.0728914737701416
2000,10000,1.5195,0.07264137268066406
2000,10000,1.4985,0.07269573211669922
2000,10000,1.5315,0.07398152351379395
2000,10000,1.48275,0.07246661186218262
2000,10000,1.51575,0.07354974746704102
2000,10000,1.5285,0.0735621452331543
2000,10000,1.53075,0.07312583923339844
2000,10000,1.5015,0.07187652587890625
2000,10000,1.46625,0.07184600830078125
2000,10000,1.485,0.07202816009521484
2000,10000,1.4775,0.07269787788391113
2000,10000,1.51275,0.07334017753601074
2000,10000,1.48575,0.07240796089172363
2000,10000,1.52625,0.07315731048583984
2000,10000,1.49625,0.07267618179321289
2000,10000,1.497,0.07250070571899414
2000,10000,1.53225,0.07327771186828613
2000,10000,1.49775,0.07229733467102051
2000,10000,1.4985,0.07290267944335938
2000,10000,1.50225,0.07293272018432617
2000,10000,1.49175,0.07209253311157227
2000,10000,1.51575,0.07296252250671387
2000,10000,1.4865,0.07234764099121094
2000,10000,1.49625,0.07322931289672852
2000,10000,1.50975,0.07292985916137695
2000,10000,1.53825,0.07402348518371582
2000,10000,1.521,0.07358074188232422
2000,10000,1.51125,0.07355284690856934
2000,10000,1.506,0.07297921180725098
2000,10000,1.524,0.07548928260803223
2000,10000,1.494,0.07430434226989746
2000,10000,1.5495,0.0755453109741211
2000,10000,1.50825,0.07458901405334473
2000,10000,1.47825,0.07353925704956055
2000,10000,1.4895,0.07349824905395508
2000,10000,1.50525,0.07507753372192383
2000,10000,1.47675,0.07378315925598145
2000,10000,1.5105,0.0751028060913086
2000,10000,1.4925,0.07453465461730957
2000,10000,1.51725,0.07477021217346191
2000,10000,1.497,0.07312798500061035
2000,10000,1.5,0.07285904884338379
2000,10000,1.49925,0.07238984107971191
2000,10000,1.527,0.0739283561706543
2000,10000,1.527,0.07337021827697754
2000,10000,1.53975,0.07436084747314453
2000,10000,1.518,0.07514572143554688
2000,10000,1.51275,0.07482385635375977
2000,10000,1.5,0.07497930526733398
2000,10000,1.5345,0.0741877555847168
2000,10000,1.4985,0.0724794864654541
2000,10000,1.49025,0.07294106483459473
2000,10000,1.4685,0.07303166389465332
2000,10000,1.54125,0.0741727352142334
2000,10000,1.5195,0.07319235801696777
2000,10000,1.53675,0.07364845275878906
2000,10000,1.512,0.07336139678955078
2000,10000,1.49175,0.07289671897888184
2000,10000,1.5015,0.0737450122833252
2000,10000,1.5345,0.0733344554901123
2000,10000,1.51425,0.07408571243286133
2000,10000,1.53225,0.07340836524963379
2000,10000,1.50075,0.07223677635192871
2000,10000,1.49925,0.0731344223022461
2000,10000,1.51425,0.07279014587402344
2000,10000,1.4865,0.07296085357666016
2000,10000,1.5015,0.0730593204498291
2000,10000,1.4985,0.07307147979736328
2000,10000,1.521,0.07345795631408691
2000,10000,1.518,0.07370162010192871
2000,10000,1.5135,0.07290267944335938
2000,10000,1.503,0.0721883773803711
2000,10000,1.46175,0.07230067253112793
2000,10000,1.503,0.07372045516967773
2000,10000,1.54875,0.07566189765930176
2000,10000,1.4655,0.07381057739257812
2000,10000,1.536,0.07609868049621582
2000,10000,1.49325,0.07449913024902344
2000,10000,1.491,0.07388472557067871
2000,10000,1.50525,0.07437276840209961
2000,10000,1.49775,0.07572054862976074
2000,10000,1.512,0.07535600662231445
2000,10000,1.49175,0.07443904876708984
2000,10000,1.51425,0.07394909858703613
2000,10000,1.51125,0.07283353805541992
2000,10000,1.52325,0.07348322868347168
2000,10000,1.464,0.07294631004333496
2000,10000,1.491,0.07267117500305176
2000,10000,1.5135,0.07323050498962402
2000,10000,1.4955,0.07308816909790039
2000,10000,1.497,0.07349681854248047
2000,10000,1.48725,0.07334136962890625
2000,10000,1.53225,0.07440567016601562
2000,10000,1.51275,0.07343864440917969
2000,10000,1.4895,0.0729212760925293
2000,10000,1.506,0.0728445053100586
2000,10000,1.491,0.07321023941040039
2000,10000,1.4895,0.07270383834838867
2000,10000,1.51425,0.0730583667755127
2000,10000,1.524,0.07311582565307617
2000,10000,1.46025,0.07258033752441406
2000,10000,1.51875,0.07332348823547363
2000,10000,1.5075,0.07310318946838379
2000,10000,1.53225,0.07315874099731445
2000,10000,1.488,0.07255053520202637
2000,10000,1.53,0.07331609725952148
2000,10000,1.527,0.07335424423217773
2000,10000,1.50675,0.07294988632202148
2000,10000,1.51275,0.07274532318115234
2000,10000,1.518,0.07328319549560547
2000,10000,1.5435,0.07422828674316406
2000,10000,1.509,0.0731959342956543
2000,10000,1.53975,0.07371401786804199
2000,10000,1.51575,0.07338953018188477
2000,10000,1.48875,0.07310009002685547
2000,10000,1.50675,0.07290101051330566
2000,10000,1.509,0.07340717315673828
2000,10000,1.533,0.07488322257995605
2000,10000,1.49025,0.0726473331451416
2000,10000,1.51725,0.07288742065429688
2000,10000,1.518,0.07348465919494629
2000,10000,1.4865,0.07244110107421875
2000,10000,1.5135,0.07407474517822266
2000,10000,1.5,0.07463669776916504
2000,10000,1.51275,0.07520198822021484
2000,10000,1.512,0.07359004020690918
2000,10000,1.51575,0.07497739791870117
2000,10000,1.47825,0.07299232482910156
2000,10000,1.52325,0.07307577133178711
2000,10000,1.52475,0.07299232482910156
2000,10000,1.527,0.07346034049987793
2000,10000,1.52625,0.07333207130432129
2000,10000,1.50675,0.07252001762390137
2000,10000,1.50075,0.07332158088684082
2000,10000,1.52925,0.07305192947387695
2000,10000,1.5075,0.07305908203125
2000,10000,1.49175,0.07307696342468262
2000,10000,1.503,0.07281327247619629
2000,10000,1.51725,0.07304716110229492
2000,10000,1.5075,0.0728764533996582
2000,10000,1.48725,0.0725853443145752
2000,10000,1.51125,0.07288241386413574
2000,10000,1.50525,0.07258772850036621
2000,10000,1.4985,0.07430768013000488
2000,10000,1.52775,0.07380557060241699
2000,10000,1.5015,0.07305622100830078
2000,10000,1.49025,0.07254862785339355
2000,10000,1.54425,0.07422804832458496
2000,10000,1.5285,0.0741877555847168
2000,10000,1.5045,0.07314419746398926
2000,10000,1.52625,0.0729372501373291
2000,10000,1.5195,0.07325887680053711
2000,10000,1.485,0.0725715160369873
2000,10000,1.51425,0.0737004280090332
2000,10000,1.50375,0.07342743873596191
2000,10000,1.51275,0.07355499267578125
2000,10000,1.518,0.0738532543182373
2000,10000,1.5345,0.07380151748657227
2000,10000,1.4805,0.07305049896240234
2000,10000,1.50525,0.07316136360168457
2000,10000,1.52025,0.07385039329528809
2000,10000,1.48725,0.0731353759765625
2000,10000,1.52325,0.0736839771270752
2000,10000,1.48725,0.07223749160766602
2000,10000,1.515,0.07332825660705566
2000,10000,1.5,0.07390689849853516
2000,10000,1.5075,0.07289767265319824
2000,10000,1.50825,0.07281279563903809
2000,10000,1.503,0.07293438911437988
2000,10000,1.512,0.07366347312927246
2000,10000,1.50075,0.07339954376220703
2000,10000,1.52475,0.07405710220336914
2000,10000,1.5,0.07283735275268555
2000,10000,1.5195,0.07332825660705566
2000,10000,1.51575,0.07364749908447266
2000,10000,1.55025,0.07435011863708496
2000,10000,1.49025,0.07250738143920898
2000,10000,1.506,0.07277917861938477
2000,10000,1.49025,0.07263851165771484
2000,10000,1.512,0.0736243724822998
2000,10000,1.524,0.07362508773803711
2000,10000,1.49025,0.07301664352416992
2000,10000,1.49775,0.07321333885192871
2000,10000,1.5105,0.07325959205627441
2000,10000,1.4775,0.07350587844848633
2000,10000,1.53225,0.0747060775756836
2000,10000,1.51575,0.07410192489624023
2000,10000,1.527,0.07588005065917969
2000,10000,1.533,0.07504653930664062
2000,10000,1.50075,0.07480859756469727
2000,10000,1.49925,0.07392477989196777
2000,10000,1.51725,0.07432770729064941
2000,10000,1.51275,0.07566523551940918
2000,10000,1.521,0.07413935661315918
2000,10000,1.51875,0.07335138320922852
2000,10000,1.5015,0.0729062557220459
2000,10000,1.5195,0.07285475730895996
2000,10000,1.50375,0.07272171974182129
2000,10000,1.49475,0.07288074493408203
2000,10000,1.51575,0.07306528091430664
2000,10000,1.536,0.07438993453979492
2000,10000,1.48575,0.07257604598999023
2000,10000,1.536,0.07372283935546875
2000,10000,1.49625,0.07318949699401855
2000,10000,1.5345,0.07351231575012207
2000,10000,1.509,0.07305717468261719
2000,10000,1.4955,0.07271862030029297
2000,10000,1.527,0.07349658012390137
2000,10000,1.5315,0.07365942001342773
2000,10000,1.52025,0.0736227035522461
2000,10000,1.50375,0.07291221618652344
2000,10000,1.497,0.07324528694152832
2000,10000,1.51275,0.0731055736541748
2000,10000,1.47375,0.07228255271911621
2000,10000,1.56,0.07409906387329102
2000,10000,1.536,0.07398581504821777
2000,10000,1.491,0.07312393188476562
2000,10000,1.48425,0.07253384590148926
2000,10000,1.47675,0.07240629196166992
2000,10000,1.53525,0.07324910163879395
2000,10000,1.509,0.0722503662109375
2000,10000,1.536,0.07334017753601074
2000,10000,1.509,0.07294535636901855
2000,10000,1.56825,0.07362031936645508
2000,10000,1.5075,0.0728447437286377
2000,10000,1.5405,0.07446408271789551
2000,10000,1.52175,0.07303953170776367
2000,10000,1.5105,0.07325339317321777
2000,10000,1.45875,0.07210946083068848
2000,10000,1.52325,0.07331466674804688
2000,10000,1.49475,0.07262635231018066
2000,10000,1.5255,0.07331109046936035
2000,10000,1.50975,0.07290148735046387
2000,10000,1.536,0.07472872734069824
2000,10000,1.4925,0.0735328197479248
2000,10000,1.518,0.0750422477722168
2000,10000,1.53375,0.07574748992919922
2000,10000,1.48875,0.07413411140441895
2000,10000,1.479,0.07309961318969727
2000,10000,1.49925,0.07251286506652832
2000,10000,1.524,0.07424211502075195
2000,10000,1.512,0.07331514358520508
2000,10000,1.49025,0.07288360595703125
2000,10000,1.52175,0.073577880859375
2000,10000,1.53975,0.0738985538482666
2000,10000,1.48875,0.0723726749420166
2000,10000,1.47375,0.07229018211364746
2000,10000,1.52475,0.07360243797302246
2000,10000,1.51425,0.0730292797088623
2000,10000,1.4775,0.07276582717895508
2000,10000,1.5195,0.07414031028747559
2000,10000,1.50075,0.0733799934387207
2000,10000,1.48275,0.07253408432006836
2000,10000,1.47375,0.07240009307861328
2000,10000,1.5045,0.07322144508361816
2000,10000,1.563,0.07424783706665039
2000,10000,1.49325,0.07293033599853516
2000,10000,1.47525,0.07212233543395996
2000,10000,1.50225,0.07291364669799805
2000,10000,1.491,0.07252669334411621
2000,10000,1.479,0.07237124443054199
2000,10000,1.527,0.07373929023742676
2000,10000,1.5135,0.07284379005432129
2000,10000,1.54275,0.0737757682800293
2000,10000,1.5075,0.07273435592651367
2000,10000,1.476,0.07402467727661133
2000,10000,1.497,0.07380557060241699
2000,10000,1.5315,0.0748906135559082
2000,10000,1.50525,0.07390213012695312
2000,10000,1.5345,0.07456445693969727
2000,10000,1.51275,0.07448697090148926
2000,10000,1.5135,0.07410526275634766
2000,10000,1.49025,0.07520937919616699
2000,10000,1.50525,0.07494711875915527
2000,10000,1.51575,0.07474350929260254
2000,10000,1.49325,0.07340025901794434
2000,10000,1.52775,0.07427740097045898
2000,10000,1.4955,0.0742192268371582
2000,10000,1.53975,0.07470560073852539
2000,10000,1.5,0.07343292236328125
2000,10000,1.51725,0.07387042045593262
2000,10000,1.524,0.08239912986755371
2000,10000,1.52025,0.09784603118896484
2000,10000,1.5,0.0734550952911377
2000,10000,1.4595,0.07372713088989258
2000,10000,1.5495,0.07641410827636719
2000,10000,1.48725,0.07439780235290527
2000,10000,1.49925,0.07374095916748047
2000,10000,1.55625,0.07513260841369629
2000,10000,1.47975,0.07326793670654297
2000,10000,1.51575,0.07521533966064453
2000,10000,1.50825,0.07533669471740723
2000,10000,1.5135,0.07485771179199219
2000,10000,1.512,0.07517170906066895
2000,10000,1.4925,0.07516598701477051
2000,10000,1.47,0.0741276741027832
2000,10000,1.51725,0.07648777961730957
2000,10000,1.533,0.07554054260253906
2000,10000,1.5075,0.07541513442993164
2000,10000,1.51125,0.0754392147064209
2000,10000,1.5195,0.07592916488647461
2000,10000,1.50525,0.07624697685241699
2000,10000,1.52475,0.07519006729125977
2000,10000,1.51425,0.07474589347839355
2000,10000,1.482,0.07412862777709961
2000,10000,1.52325,0.07453751564025879
2000,10000,1.49925,0.07394838333129883
2000,10000,1.50825,0.07425880432128906
2000,10000,1.512,0.07464599609375
2000,10000,1.51725,0.0748131275177002
2000,10000,1.53225,0.07370209693908691
2000,10000,1.521,0.07371926307678223
2000,10000,1.50675,0.07312464714050293
2000,10000,1.52625,0.07408428192138672
2000,10000,1.53,0.0738070011138916
2000,10000,1.4865,0.07274246215820312
2000,10000,1.52325,0.07380819320678711
2000,10000,1.512,0.07252788543701172
2000,10000,1.503,0.07263779640197754
2000,10000,1.5015,0.07305526733398438
2000,10000,1.512,0.07326292991638184
2000,10000,1.518,0.0729219913482666
2000,10000,1.47,0.07191586494445801
2000,10000,1.5015,0.07234811782836914
2000,10000,1.49325,0.07255935668945312
2000,10000,1.51875,0.07332015037536621
2000,10000,1.50675,0.07288789749145508
2000,10000,1.51125,0.07290816307067871
2000,10000,1.5255,0.0728600025177002
2000,10000,1.48875,0.0723564624786377
2000,10000,1.4985,0.07300186157226562
2000,10000,1.5,0.0727236270904541
2000,10000,1.52475,0.0731956958770752
2000,10000,1.5075,0.07340621948242188
2000,10000,1.5225,0.0734245777130127
2000,10000,1.48575,0.07261872291564941
2000,10000,1.48725,0.07256484031677246
2000,10000,1.51275,0.07339859008789062
2000,10000,1.542,0.07361888885498047
2000,10000,1.46325,0.07226443290710449
2000,10000,1.509,0.07309436798095703
2000,10000,1.52025,0.07352352142333984
2000,10000,1.5105,0.07316994667053223
2000,10000,1.50525,0.07324790954589844
2000,10000,1.5225,0.07321548461914062
2000,10000,1.50825,0.07307219505310059
2000,10000,1.5105,0.07349777221679688
2000,10000,1.52025,0.07329297065734863
2000,10000,1.50975,0.07342076301574707
2000,10000,1.49175,0.07318353652954102
2000,10000,1.527,0.0746922492980957
2000,10000,1.551,0.07450175285339355
2000,10000,1.4895,0.07274889945983887
2000,10000,1.5045,0.07256269454956055
2000,10000,1.50825,0.07271981239318848
2000,10000,1.482,0.07339119911193848
2000,10000,1.5195,0.07310986518859863
2000,10000,1.50225,0.07300162315368652
2000,10000,1.4745,0.07247304916381836
2000,10000,1.4865,0.07284402847290039
2000,10000,1.5075,0.07303977012634277
2000,10000,1.473,0.0721733570098877
2000,10000,1.49925,0.07228851318359375
2000,10000,1.5255,0.07326102256774902
2000,10000,1.54425,0.0738840103149414
2000,10000,1.51275,0.07284021377563477
2000,10000,1.497,0.07271862030029297
2000,10000,1.494,0.07316184043884277
2000,10000,1.49325,0.07384061813354492
2000,10000,1.45125,0.07201242446899414
2000,10000,1.509,0.07442116737365723
2000,10000,1.51575,0.07349205017089844
2000,10000,1.50825,0.07358741760253906
2000,10000,1.5225,0.0733957290649414
2000,10000,1.49475,0.07326865196228027
2000,10000,1.49025,0.07267236709594727
2000,10000,1.4685,0.07273626327514648
2000,10000,1.464,0.07257533073425293
2000,10000,1.52175,0.07354474067687988
2000,10000,1.485,0.07237982749938965
2000,10000,1.5135,0.072845458984375
2000,10000,1.47,0.07228899002075195
2000,10000,1.50825,0.07294034957885742
2000,10000,1.5465,0.07403039932250977
2000,10000,1.49025,0.0728750228881836
2000,10000,1.50825,0.07381796836853027
2000,10000,1.47675,0.07246708869934082
2000,10000,1.47975,0.07294821739196777
2000,10000,1.52025,0.07345318794250488
2000,10000,1.49475,0.07270240783691406
2000,10000,1.509,0.07269406318664551
2000,10000,1.50525,0.07365250587463379
2000,10000,1.51725,0.07327437400817871
2000,10000,1.53525,0.07472968101501465
2000,10000,1.5225,0.0735938549041748
2000,10000,1.53525,0.07382059097290039
2000,10000,1.53825,0.07358074188232422
2000,10000,1.4805,0.07291340827941895
2000,10000,1.48725,0.07278108596801758
2000,10000,1.5075,0.07311320304870605
2000,10000,1.51425,0.07300138473510742
2000,10000,1.50975,0.0740354061126709
2000,10000,1.524,0.07323575019836426
2000,10000,1.49625,0.07350969314575195
2000,10000,1.50525,0.07398295402526855
2000,10000,1.51425,0.07310175895690918
2000,10000,1.5135,0.07329678535461426
2000,10000,1.47,0.07234549522399902
2000,10000,1.50825,0.07350444793701172
2000,10000,1.4775,0.07232952117919922
2000,10000,1.53075,0.07340741157531738
2000,10000,1.5255,0.07310628890991211
2000,10000,1.52775,0.07461786270141602
2000,10000,1.5135,0.07367467880249023
2000,10000,1.50975,0.07341337203979492
2000,10000,1.539,0.0744011402130127
2000,10000,1.476,0.0724954605102539
2000,10000,1.50525,0.07328677177429199
2000,10000,1.4955,0.07245469093322754
2000,10000,1.476,0.07295775413513184
2000,10000,1.476,0.07232308387756348
2000,10000,1.4985,0.07289409637451172
2000,10000,1.5075,0.07302522659301758
2000,10000,1.47975,0.0730898380279541
2000,10000,1.46325,0.07239151000976562
2000,10000,1.5225,0.07350277900695801
2000,10000,1.53825,0.07379817962646484
2000,10000,1.521,0.07335829734802246
2000,10000,1.5105,0.07298851013183594
2000,10000,1.50375,0.07306861877441406
2000,10000,1.51725,0.07382559776306152
2000,10000,1.4925,0.0725104808807373
2000,10000,1.50825,0.07295393943786621
2000,10000,1.50675,0.07355833053588867
2000,10000,1.5165,0.07306408882141113
2000,10000,1.47075,0.07219362258911133
2000,10000,1.5285,0.07306838035583496
2000,10000,1.506,0.07333230972290039
2000,10000,1.52925,0.07492899894714355
2000,10000,1.524,0.0751187801361084
2000,10000,1.53,0.07646322250366211
2000,10000,1.53675,0.07498836517333984
2000,10000,1.4775,0.07223677635192871
2000,10000,1.5075,0.07444620132446289
2000,10000,1.5225,0.0755312442779541
2000,10000,1.4955,0.07419157028198242
2000,10000,1.5045,0.07453370094299316
2000,10000,1.48725,0.07411575317382812
2000,10000,1.5495,0.07444572448730469
2000,10000,1.50225,0.0724189281463623
2000,10000,1.49025,0.07316446304321289
2000,10000,1.5225,0.07322812080383301
2000,10000,1.52175,0.07355618476867676
2000,10000,1.53975,0.07378172874450684
2000,10000,1.497,0.07362866401672363
2000,10000,1.491,0.07445287704467773
2000,10000,1.488,0.07414889335632324
2000,10000,1.533,0.07558822631835938
2000,10000,1.506,0.07448124885559082
2000,10000,1.521,0.07499980926513672
2000,10000,1.515,0.07328557968139648
2000,10000,1.51125,0.07329249382019043
2000,10000,1.53375,0.0735018253326416
2000,10000,1.491,0.07260513305664062
2000,10000,1.50675,0.07320809364318848
2000,10000,1.53825,0.07379698753356934
2000,10000,1.47,0.0728147029876709
2000,10000,1.536,0.07326245307922363
2000,10000,1.5,0.07300043106079102
2000,10000,1.485,0.0728921890258789
2000,10000,1.49175,0.07280158996582031
2000,10000,1.5105,0.0730440616607666
2000,10000,1.503,0.07264590263366699
2000,10000,1.52625,0.07356142997741699
2000,10000,1.51275,0.07324457168579102
2000,10000,1.51425,0.07330679893493652
2000,10000,1.509,0.07331562042236328
2000,10000,1.5285,0.07512807846069336
2000,10000,1.50525,0.07425880432128906
2000,10000,1.524,0.07490015029907227
2000,10000,1.53975,0.07491016387939453
2000,10000,1.49025,0.07460618019104004
2000,10000,1.50975,0.07404232025146484
2000,10000,1.5345,0.07687258720397949
2000,10000,1.43475,0.07331180572509766
2000,10000,1.506,0.07608771324157715
2000,10000,1.5015,0.07451939582824707
2000,10000,1.515,0.0749971866607666
2000,10000,1.485,0.07406425476074219
2000,10000,1.49625,0.07435894012451172
2000,10000,1.518,0.0751340389251709
2000,10000,1.53,0.07482767105102539
2000,10000,1.53375,0.07425093650817871
2000,10000,1.51725,0.07486796379089355
2000,10000,1.48575,0.07472848892211914
2000,10000,1.506,0.07468891143798828
2000,10000,1.509,0.07390236854553223
2000,10000,1.494,0.07363581657409668
2000,10000,1.51275,0.07392120361328125
2000,10000,1.5405,0.07490301132202148
2000,10000,1.5015,0.07380127906799316
2000,10000,1.4595,0.07316040992736816
2000,10000,1.485,0.07308411598205566
2000,10000,1.49775,0.07442688941955566
2000,10000,1.485,0.07309842109680176
2000,10000,1.52325,0.07388734817504883
2000,10000,1.52325,0.07357501983642578
2000,10000,1.5,0.07481169700622559
2000,10000,1.49475,0.07601475715637207
2000,10000,1.50225,0.07416963577270508
2000,10000,1.52625,0.07468318939208984
2000,10000,1.50825,0.0748903751373291
2000,10000,1.51575,0.07462763786315918
2000,10000,1.557,0.07562589645385742
2000,10000,1.50675,0.07424044609069824
2000,10000,1.488,0.07387924194335938
2000,10000,1.5135,0.07481217384338379
2000,10000,1.512,0.07323718070983887
2000,10000,1.5105,0.07306814193725586
2000,10000,1.46325,0.07222342491149902
2000,10000,1.4805,0.07366538047790527
2000,10000,1.47075,0.07230091094970703
2000,10000,1.47975,0.07220005989074707
2000,10000,1.4805,0.07262086868286133
2000,10000,1.54275,0.0741422176361084
2000,10000,1.47525,0.07259654998779297
2000,10000,1.54275,0.07402753829956055
2000,10000,1.515,0.07366800308227539
2000,10000,1.51575,0.07312726974487305
2000,10000,1.515,0.07330727577209473
2000,10000,1.52325,0.07314395904541016
2000,10000,1.48875,0.07392001152038574
2000,10000,1.51875,0.07605218887329102
2000,10000,1.51125,0.07502865791320801
2000,10000,1.54125,0.07527565956115723
2000,10000,1.49775,0.0738229751586914
2000,10000,1.497,0.07378602027893066
2000,10000,1.51125,0.0735325813293457
2000,10000,1.512,0.07275247573852539
2000,10000,1.50225,0.07393932342529297
2000,10000,1.521,0.07485461235046387
2000,10000,1.48575,0.07369828224182129
2000,10000,1.54725,0.07552194595336914
2000,10000,1.50825,0.07490754127502441
2000,10000,1.48125,0.07325458526611328
2000,10000,1.509,0.07372784614562988
2000,10000,1.524,0.07436370849609375
2000,10000,1.5045,0.07489848136901855
2000,10000,1.54875,0.07457113265991211
2000,10000,1.5165,0.07504940032958984
2000,10000,1.518,0.07369375228881836
2000,10000,1.52625,0.07488703727722168
2000,10000,1.53975,0.07472848892211914
2000,10000,1.51125,0.07355833053588867
2000,10000,1.48125,0.07367873191833496
2000,10000,1.53525,0.07513117790222168
2000,10000,1.49025,0.07367086410522461
2000,10000,1.494,0.07340312004089355
2000,10000,1.533,0.0743410587310791
2000,10000,1.509,0.07338905334472656
2000,10000,1.503,0.07317757606506348
2000,10000,1.4985,0.07337689399719238
2000,10000,1.54575,0.07458090782165527
2000,10000,1.54125,0.07409930229187012
2000,10000,1.51125,0.07362985610961914
2000,10000,1.494,0.0738840103149414
2000,10000,1.536,0.0745551586151123
2000,10000,1.53075,0.07427215576171875
2000,10000,1.51575,0.07398176193237305
2000,10000,1.503,0.07341170310974121
2000,10000,1.51875,0.07405686378479004
2000,10000,1.506,0.07460474967956543
2000,10000,1.485,0.0731511116027832
2000,10000,1.5135,0.07439541816711426
2000,10000,1.49025,0.07308363914489746
2000,10000,1.52175,0.07504677772521973
2000,10000,1.533,0.07432699203491211
2000,10000,1.5015,0.07407736778259277
2000,10000,1.51275,0.07339119911193848
2000,10000,1.47525,0.07305645942687988
2000,10000,1.482,0.07316803932189941
2000,10000,1.52175,0.07422494888305664
2000,10000,1.491,0.07452392578125
2000,10000,1.5045,0.07380151748657227
2000,10000,1.4655,0.07350873947143555
2000,10000,1.5225,0.07364940643310547
2000,10000,1.497,0.07443428039550781
2000,10000,1.512,0.07401800155639648
2000,10000,1.4865,0.07381701469421387
2000,10000,1.50675,0.07428526878356934
2000,10000,1.53825,0.07417035102844238
2000,10000,1.4745,0.07268285751342773
2000,10000,1.48725,0.0731658935546875
2000,10000,1.512,0.0736703872680664
2000,10000,1.50075,0.07339072227478027
2000,10000,1.533,0.07402634620666504
2000,10000,1.55625,0.07534623146057129
2000,10000,1.4955,0.07352185249328613
2000,10000,1.49325,0.07448220252990723
2000,10000,1.50525,0.07427215576171875
2000,10000,1.47075,0.07308125495910645
2000,10000,1.536,0.07457733154296875
2000,10000,1.491,0.07394862174987793
2000,10000,1.50675,0.0736246109008789
2000,10000,1.54275,0.07402467727661133
2000,10000,1.52025,0.07360696792602539
2000,10000,1.506,0.07428765296936035
2000,10000,1.488,0.07352590560913086
2000,10000,1.4925,0.07324075698852539
2000,10000,1.5135,0.07350349426269531
2000,10000,1.5135,0.07367515563964844
2000,10000,1.5105,0.07383561134338379
2000,10000,1.509,0.07357549667358398
2000,10000,1.4925,0.07340240478515625
2000,10000,1.46925,0.07271766662597656
2000,10000,1.4925,0.07414412498474121
2000,10000,1.51275,0.07419705390930176
2000,10000,1.48575,0.07349777221679688
2000,10000,1.5225,0.07388186454772949
2000,10000,1.52325,0.07403826713562012
2000,10000,1.55625,0.07495498657226562
2000,10000,1.5225,0.07468414306640625
2000,10000,1.4925,0.07370424270629883
2000,10000,1.4985,0.07440829277038574
2000,10000,1.56225,0.07451128959655762
2000,10000,1.5135,0.07444548606872559
2000,10000,1.48725,0.0733942985534668
2000,10000,1.4835,0.07348465919494629
2000,10000,1.5165,0.07448148727416992
2000,10000,1.50975,0.07427406311035156
2000,10000,1.48425,0.0733036994934082
2000,10000,1.51425,0.0746760368347168
2000,10000,1.55175,0.07554984092712402
2000,10000,1.46625,0.07365870475769043
2000,10000,1.521,0.07452964782714844
2000,10000,1.5165,0.07485246658325195
2000,10000,1.46925,0.07451152801513672
2000,10000,1.49475,0.07474088668823242
2000,10000,1.47975,0.07265090942382812
2000,10000,1.452,0.07279348373413086
2000,10000,1.4895,0.07360529899597168
2000,10000,1.53225,0.07421326637268066
2000,10000,1.51725,0.07540392875671387
2000,10000,1.5,0.07476139068603516
2000,10000,1.48725,0.07462859153747559
2000,10000,1.47825,0.07369422912597656
2000,10000,1.51875,0.0741732120513916
2000,10000,1.506,0.0741879940032959
2000,10000,1.485,0.07337498664855957
2000,10000,1.50225,0.07397294044494629
2000,10000,1.51425,0.07334709167480469
2000,10000,1.539,0.07463431358337402
2000,10000,1.54425,0.07430124282836914
2000,10000,1.527,0.07498645782470703
2000,10000,1.50825,0.07418346405029297
2000,10000,1.5045,0.07398319244384766
2000,10000,1.52925,0.07457137107849121
2000,10000,1.515,0.07442498207092285
2000,10000,1.44975,0.07275176048278809
2000,10000,1.50525,0.07307791709899902
2000,10000,1.50075,0.0729227066040039
2000,10000,1.494,0.07361412048339844
2000,10000,1.50975,0.07405328750610352
2000,10000,1.512,0.07458376884460449
2000,10000,1.4865,0.07465529441833496
2000,10000,1.53,0.07610273361206055
2000,10000,1.50075,0.0745391845703125
2000,10000,1.482,0.07316422462463379
2000,10000,1.54425,0.07479500770568848
2000,10000,1.512,0.07508158683776855
2000,10000,1.51275,0.07508277893066406
2000,10000,1.50675,0.07348299026489258
2000,10000,1.50225,0.07378458976745605
2000,10000,1.5105,0.07357358932495117
2000,10000,1.53225,0.07549405097961426
2000,10000,1.503,0.07474255561828613
2000,10000,1.5045,0.0747227668762207
2000,10000,1.52775,0.07439422607421875
2000,10000,1.494,0.07397627830505371
2000,10000,1.4805,0.07349205017089844
2000,10000,1.55475,0.07422614097595215
2000,10000,1.54275,0.07479333877563477
2000,10000,1.51275,0.07502174377441406
2000,10000,1.50075,0.07469725608825684
2000,10000,1.50225,0.07388424873352051
2000,10000,1.497,0.07388472557067871
2000,10000,1.4925,0.07391834259033203
2000,10000,1.50675,0.07411789894104004
2000,10000,1.48875,0.07429385185241699
2000,10000,1.47525,0.07408928871154785
2000,10000,1.503,0.07516670227050781
2000,10000,1.53,0.07551121711730957
2000,10000,1.473,0.07352638244628906
2000,10000,1.48125,0.07312583923339844
2000,10000,1.47375,0.07307100296020508
2000,10000,1.52325,0.07448172569274902
2000,10000,1.494,0.07405209541320801
2000,10000,1.55175,0.07444500923156738
2000,10000,1.509,0.07354235649108887
2000,10000,1.4985,0.07408452033996582
2000,10000,1.49175,0.0736227035522461
2000,10000,1.50525,0.07416510581970215
2000,10000,1.5165,0.07454991340637207
2000,10000,1.47375,0.07355284690856934
2000,10000,1.49325,0.07278227806091309
2000,10000,1.4775,0.07239532470703125
2000,10000,1.49475,0.07331109046936035
2000,10000,1.539,0.07505965232849121
2000,10000,1.51275,0.07426023483276367
2000,10000,1.50975,0.07374858856201172
2000,10000,1.4955,0.07395601272583008
2000,10000,1.50375,0.07366061210632324
2000,10000,1.5,0.07344460487365723
2000,10000,1.46925,0.07266736030578613
2000,10000,1.50825,0.07419514656066895
2000,10000,1.49475,0.07397985458374023
2000,10000,1.49625,0.07372188568115234
2000,10000,1.52025,0.07446956634521484
2000,10000,1.488,0.0738828182220459
2000,10000,1.5465,0.07492446899414062
2000,10000,1.5315,0.07476162910461426
2000,10000,1.54875,0.07446575164794922
2000,10000,1.47375,0.07388925552368164
2000,10000,1.5165,0.07393741607666016
2000,10000,1.51575,0.07380151748657227
2000,10000,1.50525,0.07422876358032227
2000,10000,1.491,0.0738372802734375
2000,10000,1.4865,0.07271695137023926
2000,10000,1.5165,0.07332992553710938
2000,10000,1.50375,0.07370877265930176
2000,10000,1.5105,0.07399678230285645
2000,10000,1.51425,0.07379317283630371
2000,10000,1.473,0.07216286659240723
2000,10000,1.46775,0.07282042503356934
2000,10000,1.51425,0.07355308532714844
2000,10000,1.4985,0.07345199584960938
2000,10000,1.5,0.07360363006591797
2000,10000,1.51875,0.0735926628112793
2000,10000,1.491,0.07294225692749023
2000,10000,1.48875,0.07443428039550781
2000,10000,1.50825,0.07598042488098145
2000,10000,1.5375,0.07575702667236328
2000,10000,1.53075,0.07611250877380371
2000,10000,1.51875,0.07515621185302734
2000,10000,1.5195,0.07506251335144043
2000,10000,1.4835,0.07355976104736328
2000,10000,1.52175,0.07452845573425293
2000,10000,1.5015,0.07384347915649414
2000,10000,1.46325,0.07273316383361816
2000,10000,1.509,0.07345724105834961
2000,10000,1.5,0.07544875144958496
2000,10000,1.515,0.0751187801361084
2000,10000,1.51125,0.07495832443237305
2000,10000,1.52325,0.07506608963012695
2000,10000,1.5075,0.07441592216491699
2000,10000,1.4985,0.07333660125732422
2000,10000,1.4865,0.07328581809997559
2000,10000,1.4985,0.07292890548706055
2000,10000,1.5135,0.07352828979492188
2000,10000,1.503,0.07312870025634766
2000,10000,1.52325,0.07374429702758789
2000,10000,1.542,0.07403182983398438
2000,10000,1.4985,0.07361960411071777
2000,10000,1.536,0.0742044448852539
2000,10000,1.50225,0.0739445686340332
2000,10000,1.509,0.07321405410766602
2000,10000,1.554,0.07443046569824219
2000,10000,1.50675,0.07332897186279297
2000,10000,1.509,0.07382750511169434
2000,10000,1.50375,0.07330799102783203
2000,10000,1.48275,0.07369804382324219
2000,10000,1.5315,0.07511758804321289
2000,10000,1.48125,0.0740671157836914
2000,10000,1.5345,0.07411861419677734
2000,10000,1.4955,0.07498526573181152
2000,10000,1.50975,0.07467246055603027
2000,10000,1.521,0.07445287704467773
2000,10000,1.491,0.07386159896850586
2000,10000,1.5015,0.07417654991149902
2000,10000,1.5285,0.07494568824768066
2000,10000,1.47825,0.07333064079284668
2000,10000,1.5075,0.07330870628356934
2000,10000,1.509,0.07352471351623535
2000,10000,1.518,0.0743405818939209
2000,10000,1.461,0.07249879837036133
2000,10000,1.51575,0.07420659065246582
2000,10000,1.5135,0.0740823745727539
2000,10000,1.50075,0.0765531063079834
2000,10000,1.485,0.07409191131591797
2000,10000,1.473,0.07414460182189941
2000,10000,1.5165,0.0756993293762207
2000,10000,1.52025,0.07579684257507324
2000,10000,1.518,0.07491469383239746
2000,10000,1.503,0.07505488395690918
2000,10000,1.509,0.07524681091308594
2000,10000,1.53375,0.07650041580200195
2000,10000,1.51725,0.07495856285095215
2000,10000,1.48875,0.07453751564025879
2000,10000,1.47525,0.07415652275085449
2000,10000,1.4955,0.07471752166748047
2000,10000,1.48425,0.07434582710266113
2000,10000,1.50675,0.07480525970458984
2000,10000,1.4955,0.07484602928161621
2000,10000,1.464,0.07416296005249023
2000,10000,1.53975,0.0761251449584961
2000,10000,1.53525,0.07518601417541504
2000,10000,1.4895,0.07464122772216797
2000,10000,1.49025,0.07511329650878906
2000,10000,1.4925,0.07484650611877441
2000,10000,1.47825,0.073974609375
2000,10000,1.52775,0.0759587287902832
2000,10000,1.50525,0.07489705085754395
2000,10000,1.51575,0.07481575012207031
2000,10000,1.53375,0.07573318481445312
2000,10000,1.4895,0.0741732120513916
2000,10000,1.4985,0.07456398010253906
2000,10000,1.536,0.07504558563232422
2000,10000,1.5075,0.07529449462890625
2000,10000,1.50975,0.07566428184509277
2000,10000,1.515,0.07461404800415039
2000,10000,1.536,0.0749826431274414
2000,10000,1.5135,0.07456111907958984
2000,10000,1.51575,0.0748295783996582
2000,10000,1.51875,0.07523488998413086
2000,10000,1.512,0.07474994659423828
2000,10000,1.49325,0.07517528533935547
2000,10000,1.5225,0.07594871520996094
2000,10000,1.48125,0.0740194320678711
2000,10000,1.48725,0.07460546493530273
2000,10000,1.53975,0.07638263702392578
2000,10000,1.482,0.07492733001708984
2000,10000,1.49325,0.07502245903015137
2000,10000,1.524,0.07530474662780762
2000,10000,1.4805,0.0740208625793457
2000,10000,1.53675,0.07452988624572754
2000,10000,1.533,0.07456421852111816
2000,10000,1.49475,0.07393693923950195
2000,10000,1.47225,0.07313895225524902
2000,10000,1.50225,0.07308197021484375
2000,10000,1.515,0.0739743709564209
2000,10000,1.563,0.07565975189208984
2000,10000,1.50525,0.07344174385070801
2000,10000,1.491,0.07367944717407227
2000,10000,1.497,0.07335138320922852
2000,10000,1.49325,0.07392358779907227
2000,10000,1.53075,0.07683801651000977
2000,10000,1.51125,0.07529020309448242
2000,10000,1.54275,0.07576632499694824
2000,10000,1.52475,0.07466793060302734
2000,10000,1.53075,0.07810497283935547
2000,10000,1.49025,0.07457566261291504
2000,10000,1.5075,0.07527351379394531
2000,10000,1.515,0.07552862167358398
2000,10000,1.5045,0.07518148422241211
2000,10000,1.51875,0.07481670379638672
2000,10000,1.48875,0.0734565258026123
2000,10000,1.4835,0.07257914543151855
2000,10000,1.52325,0.0745248794555664
2000,10000,1.50825,0.07374453544616699
2000,10000,1.50825,0.07403755187988281
2000,10000,1.51575,0.07356786727905273
2000,10000,1.53075,0.07431268692016602
2000,10000,1.49475,0.07835960388183594
2000,10000,1.50975,0.0753781795501709
2000,10000,1.5015,0.07511496543884277
2000,10000,1.521,0.0749199390411377
2000,10000,1.52175,0.07381248474121094
2000,10000,1.5375,0.07395386695861816
2000,10000,1.5165,0.07367610931396484
2000,10000,1.491,0.07303667068481445
2000,10000,1.52025,0.07402706146240234
2000,10000,1.49925,0.07293462753295898
2000,10000,1.4595,0.07315373420715332
2000,10000,1.512,0.0736093521118164
2000,10000,1.49025,0.07284951210021973
2000,10000,1.50975,0.07294631004333496
2000,10000,1.50375,0.07337522506713867
2000,10000,1.49175,0.07363414764404297
2000,10000,1.539,0.07453441619873047
2000,10000,1.4895,0.07314133644104004
2000,10000,1.4955,0.07382559776306152
2000,10000,1.50075,0.07390666007995605
2000,10000,1.4865,0.07315945625305176
2000,10000,1.5045,0.07355093955993652
2000,10000,1.527,0.07469320297241211
2000,10000,1.51725,0.07430577278137207
2000,10000,1.52175,0.07368779182434082
2000,10000,1.51725,0.0733954906463623
2000,10000,1.5225,0.07427525520324707
2000,10000,1.524,0.07507014274597168
2000,10000,1.50675,0.07541441917419434
2000,10000,1.49925,0.07458353042602539
2000,10000,1.48275,0.07532072067260742
2000,10000,1.48575,0.07403922080993652
2000,10000,1.49175,0.07450509071350098
2000,10000,1.47675,0.07376933097839355
2000,10000,1.5165,0.07459831237792969
2000,10000,1.47675,0.07406806945800781
2000,10000,1.5165,0.07416963577270508
2000,10000,1.497,0.07303857803344727
2000,10000,1.5075,0.07356452941894531
2000,10000,1.53,0.07504606246948242
2000,10000,1.494,0.07334685325622559
2000,10000,1.506,0.07407331466674805
2000,10000,1.488,0.0733330249786377
2000,10000,1.51725,0.07445454597473145
2000,10000,1.5135,0.07375001907348633
2000,10000,1.50075,0.07401514053344727
2000,10000,1.4955,0.07438302040100098
2000,10000,1.47225,0.07279706001281738
2000,10000,1.51575,0.07380342483520508
2000,10000,1.48575,0.07411456108093262
2000,10000,1.52025,0.07436919212341309
2000,10000,1.515,0.07395386695861816
2000,10000,1.494,0.07342529296875
2000,10000,1.494,0.0729670524597168
2000,10000,1.5105,0.07349801063537598
2000,10000,1.548,0.07456564903259277
2000,10000,1.4835,0.07377028465270996
2000,10000,1.5405,0.07444310188293457
2000,10000,1.497,0.0735015869140625
2000,10000,1.53375,0.07450079917907715
2000,10000,1.488,0.0729067325592041
2000,10000,1.497,0.07342267036437988
2000,10000,1.49775,0.07362055778503418
2000,10000,1.51275,0.07330965995788574
2000,10000,1.50375,0.07421064376831055
2000,10000,1.51725,0.07458639144897461
2000,10000,1.52775,0.07510924339294434
2000,10000,1.47675,0.07310366630554199
2000,10000,1.458,0.07301139831542969
2000,10000,1.53375,0.07447338104248047
2000,10000,1.518,0.07363510131835938
2000,10000,1.49925,0.0738682746887207
2000,10000,1.52475,0.07328510284423828
2000,10000,1.50825,0.07382512092590332
2000,10000,1.51425,0.07424068450927734
2000,10000,1.49625,0.07368707656860352
2000,10000,1.51275,0.07560944557189941
2000,10000,1.49775,0.07497024536132812
2000,10000,1.50525,0.07506346702575684
2000,10000,1.4865,0.07453346252441406
2000,10000,1.52025,0.07395696640014648
2000,10000,1.50075,0.07382965087890625
2000,10000,1.506,0.07397031784057617
2000,10000,1.48275,0.07320952415466309
2000,10000,1.47975,0.0727696418762207
2000,10000,1.467,0.07235360145568848
2000,10000,1.512,0.07419228553771973
2000,10000,1.5015,0.07384943962097168
2000,10000,1.539,0.07434487342834473
2000,10000,1.5015,0.07357168197631836
2000,10000,1.4895,0.07352876663208008
2000,10000,1.50525,0.07417702674865723
2000,10000,1.48575,0.07375550270080566
2000,10000,1.48425,0.07387113571166992
2000,10000,1.51275,0.07470178604125977
2000,10000,1.52025,0.07429051399230957
2000,10000,1.5165,0.07429981231689453
2000,10000,1.506,0.07328581809997559
2000,10000,1.50375,0.07333922386169434
2000,10000,1.5075,0.07335638999938965
2000,10000,1.5225,0.0742952823638916
2000,10000,1.50675,0.0732872486114502
2000,10000,1.52775,0.07367753982543945
2000,10000,1.497,0.07488059997558594
2000,10000,1.51125,0.07483649253845215
2000,10000,1.50675,0.07368302345275879
2000,10000,1.55625,0.07504820823669434
2000,10000,1.512,0.07392239570617676
2000,10000,1.4865,0.07350301742553711
2000,10000,1.527,0.0739598274230957
2000,10000,1.50825,0.07415509223937988
2000,10000,1.52475,0.07349658012390137
2000,10000,1.5165,0.07361197471618652
2000,10000,1.4625,0.0734870433807373
2000,10000,1.53975,0.07535862922668457
2000,10000,1.47975,0.07365107536315918
2000,10000,1.4625,0.07280731201171875
2000,10000,1.51725,0.0745992660522461
2000,10000,1.52625,0.07466268539428711
2000,10000,1.51425,0.07415318489074707
2000,10000,1.50675,0.07363319396972656
2000,10000,1.47,0.07362794876098633
2000,10000,1.5435,0.07520794868469238
2000,10000,1.50225,0.0738215446472168
2000,10000,1.51275,0.07315230369567871
2000,10000,1.49925,0.07355761528015137
2000,10000,1.509,0.07397890090942383
2000,10000,1.527,0.07407355308532715
2000,10000,1.5435,0.07424569129943848
2000,10000,1.4685,0.07298159599304199
2000,10000,1.49625,0.07402968406677246
2000,10000,1.49925,0.07412219047546387
2000,10000,1.50225,0.07354044914245605
2000,10000,1.5315,0.0737605094909668
2000,10000,1.52175,0.07370829582214355
2000,10000,1.5015,0.07362985610961914
2000,10000,1.50825,0.07352161407470703
2000,10000,1.485,0.07382416725158691
2000,10000,1.542,0.07536458969116211
2000,10000,1.48275,0.07404446601867676
2000,10000,1.5045,0.0738518238067627
2000,10000,1.4805,0.07317805290222168
2000,10000,1.5405,0.07507729530334473
2000,10000,1.46925,0.07386970520019531
2000,10000,1.50225,0.07491874694824219
2000,10000,1.49775,0.0744333267211914
2000,10000,1.488,0.07320618629455566
2000,10000,1.49625,0.07409358024597168
2000,10000,1.49175,0.0738534927368164
2000,10000,1.51725,0.07436084747314453
2000,10000,1.53,0.07465195655822754
2000,10000,1.5375,0.07513928413391113
2000,10000,1.52325,0.07445383071899414
2000,10000,1.4865,0.07384014129638672
2000,10000,1.506,0.0735316276550293
2000,10000,1.527,0.07435870170593262
2000,10000,1.53525,0.07436227798461914
2000,10000,1.524,0.07471919059753418
2000,10000,1.51425,0.07472515106201172
2000,10000,1.5375,0.07477545738220215
2000,10000,1.4985,0.07342410087585449
2000,10000,1.51125,0.07385420799255371
2000,10000,1.52025,0.0737009048461914
2000,10000,1.50525,0.07366299629211426
2000,10000,1.494,0.07360053062438965
2000,10000,1.47975,0.07377910614013672
2000,10000,1.476,0.07298159599304199
2000,10000,1.5195,0.07416844367980957
2000,10000,1.49775,0.07330465316772461
2000,10000,1.5045,0.07335090637207031
2000,10000,1.50675,0.0742640495300293
2000,10000,1.50825,0.07407188415527344
2000,10000,1.4865,0.07335209846496582
2000,10000,1.47375,0.07330155372619629
2000,10000,1.512,0.07491350173950195
2000,10000,1.5045,0.0738060474395752
2000,10000,1.48875,0.07305192947387695
2000,10000,1.5165,0.07379865646362305
2000,10000,1.50225,0.07479357719421387
2000,10000,1.518,0.07439136505126953
2000,10000,1.50825,0.07374143600463867
2000,10000,1.50975,0.07441377639770508
2000,10000,1.479,0.07339668273925781
2000,10000,1.5165,0.07430195808410645
2000,10000,1.479,0.07642006874084473
2000,10000,1.48575,0.07454729080200195
2000,10000,1.50825,0.07550835609436035
2000,10000,1.53075,0.0761880874633789
2000,10000,1.503,0.07515501976013184
2000,10000,1.49925,0.07388949394226074
2000,10000,1.54125,0.07444310188293457
2000,10000,1.5165,0.07529401779174805
2000,10000,1.51275,0.0750889778137207
2000,10000,1.5,0.07372307777404785
2000,10000,1.52025,0.0744938850402832
2000,10000,1.51875,0.07424116134643555
2000,10000,1.4745,0.07357573509216309
2000,10000,1.52175,0.07430553436279297
2000,10000,1.47525,0.07334756851196289
2000,10000,1.452,0.07294559478759766
2000,10000,1.5105,0.07386589050292969
2000,10000,1.49475,0.07467865943908691
2000,10000,1.53225,0.07556343078613281
2000,10000,1.488,0.07494807243347168
2000,10000,1.49925,0.07485365867614746
2000,10000,1.49025,0.07433319091796875
2000,10000,1.5105,0.07512426376342773
2000,10000,1.49175,0.07443761825561523
2000,10000,1.49625,0.07497978210449219
2000,10000,1.50825,0.07489633560180664
2000,10000,1.49475,0.07491588592529297
2000,10000,1.50975,0.07538223266601562
2000,10000,1.5015,0.0748436450958252
2000,10000,1.497,0.07453441619873047
2000,10000,1.50825,0.07563018798828125
2000,10000,1.50975,0.07479524612426758
2000,10000,1.509,0.07540464401245117
2000,10000,1.53375,0.07542896270751953
2000,10000,1.50525,0.07941102981567383
2000,10000,1.5165,0.07508516311645508
2000,10000,1.49775,0.07428669929504395
2000,10000,1.54125,0.07629895210266113
2000,10000,1.52925,0.07525324821472168
2000,10000,1.47675,0.07405376434326172
2000,10000,1.58475,0.07821512222290039
2000,10000,1.5105,0.07472586631774902
2000,10000,1.49625,0.07422614097595215
2000,10000,1.509,0.07507514953613281
2000,10000,1.51575,0.07477903366088867
2000,10000,1.497,0.07390666007995605
2000,10000,1.50675,0.07470822334289551
2000,10000,1.52925,0.07522940635681152
2000,10000,1.518,0.07545661926269531
2000,10000,1.47525,0.0743110179901123
2000,10000,1.524,0.07508063316345215
2000,10000,1.52025,0.07584071159362793
2000,10000,1.49475,0.07551264762878418
2000,10000,1.54575,0.07648682594299316
2000,10000,1.494,0.07465481758117676
2000,10000,1.5045,0.07512688636779785
2000,10000,1.524,0.0754556655883789
2000,10000,1.56225,0.07591366767883301
2000,10000,1.51875,0.0747368335723877
2000,10000,1.55775,0.07490062713623047
2000,10000,1.497,0.0733945369720459
2000,10000,1.52025,0.07394576072692871
2000,10000,1.50375,0.07451105117797852
2000,10000,1.51575,0.07386612892150879
2000,10000,1.479,0.07292819023132324
2000,10000,1.512,0.07407498359680176
2000,10000,1.50225,0.0746603012084961
2000,10000,1.4685,0.07324862480163574
2000,10000,1.46325,0.0740208625793457
2000,10000,1.5285,0.07423710823059082
2000,10000,1.47225,0.07297492027282715
2000,10000,1.497,0.07395195960998535
2000,10000,1.5195,0.07419300079345703
2000,10000,1.51125,0.0740971565246582
2000,10000,1.506,0.07368159294128418
2000,10000,1.54275,0.07441115379333496
2000,10000,1.52625,0.07529640197753906
2000,10000,1.51725,0.07501959800720215
2000,10000,1.545,0.07486438751220703
2000,10000,1.5,0.0742039680480957
2000,10000,1.4895,0.07458233833312988
2000,10000,1.50225,0.07453417778015137
2000,10000,1.494,0.07380366325378418
2000,10000,1.4895,0.07292985916137695
2000,10000,1.5225,0.07348060607910156
2000,10000,1.5195,0.07368707656860352
2000,10000,1.5255,0.07442235946655273
2000,10000,1.49325,0.074066162109375
2000,10000,1.51125,0.0748593807220459
2000,10000,1.512,0.07376241683959961
2000,10000,1.4985,0.0739901065826416
2000,10000,1.4895,0.07291316986083984
2000,10000,1.5225,0.0736246109008789
2000,10000,1.5105,0.07327795028686523
2000,10000,1.5015,0.0745077133178711
2000,10000,1.53075,0.07474637031555176
2000,10000,1.4715,0.0728158950805664
2000,10000,1.51725,0.0739448070526123
2000,10000,1.53225,0.07449936866760254
2000,10000,1.49025,0.07371211051940918
2000,10000,1.48875,0.07380390167236328
2000,10000,1.527,0.07441878318786621
2000,10000,1.50225,0.07344412803649902
2000,10000,1.51725,0.07418513298034668
2000,10000,1.50975,0.07579994201660156
2000,10000,1.50225,0.0743720531463623
2000,10000,1.5,0.0739755630493164
2000,10000,1.51275,0.07413792610168457
2000,10000,1.47825,0.07383918762207031
2000,10000,1.5225,0.07580018043518066
2000,10000,1.49025,0.0734260082244873
2000,10000,1.52775,0.07413172721862793
2000,10000,1.49625,0.07398557662963867
2000,10000,1.494,0.07328248023986816
2000,10000,1.4925,0.07455110549926758
2000,10000,1.54125,0.07569527626037598
2000,10000,1.563,0.07536578178405762
2000,10000,1.5615,0.0752716064453125
2000,10000,1.53,0.07493162155151367
2000,10000,1.5285,0.07440423965454102
2000,10000,1.5165,0.07510018348693848
2000,10000,1.52325,0.07456278800964355
2000,10000,1.51275,0.07422614097595215
2000,10000,1.5135,0.07424306869506836
2000,10000,1.51725,0.07414865493774414
2000,10000,1.51125,0.07377076148986816
2000,10000,1.50375,0.07418036460876465
2000,10000,1.48725,0.07317233085632324
2000,10000,1.48875,0.07508587837219238
2000,10000,1.50375,0.07392573356628418
2000,10000,1.47525,0.07343292236328125
2000,10000,1.50375,0.07480144500732422
2000,10000,1.49925,0.07447361946105957
2000,10000,1.51275,0.07438111305236816
2000,10000,1.5195,0.0748589038848877
2000,10000,1.5315,0.07606697082519531
2000,10000,1.5375,0.07468700408935547
2000,10000,1.51875,0.07407069206237793
2000,10000,1.51125,0.07419729232788086
2000,10000,1.50975,0.0738973617553711
2000,10000,1.545,0.07551217079162598
2000,10000,1.51125,0.07424664497375488
2000,10000,1.53675,0.07462811470031738
2000,10000,1.57575,0.07688641548156738
2000,10000,1.5375,0.07505941390991211
2000,10000,1.50075,0.07320427894592285
2000,10000,1.4805,0.07273221015930176
2000,10000,1.4805,0.07314777374267578
2000,10000,1.5015,0.0745394229888916
2000,10000,1.48875,0.07383418083190918
2000,10000,1.4925,0.07331085205078125
2000,10000,1.53525,0.07407855987548828
2000,10000,1.52775,0.07454729080200195
2000,10000,1.44525,0.07247710227966309
2000,10000,1.51575,0.0740196704864502
2000,10000,1.491,0.07431936264038086
2000,10000,1.47225,0.0737614631652832
2000,10000,1.494,0.07434844970703125
2000,10000,1.53375,0.07468748092651367
2000,10000,1.4895,0.07369685173034668
2000,10000,1.524,0.07448554039001465
2000,10000,1.5075,0.07367897033691406
2000,10000,1.48725,0.07352519035339355
2000,10000,1.5045,0.07453060150146484
2000,10000,1.45725,0.07316040992736816
2000,10000,1.524,0.07474517822265625
2000,10000,1.479,0.07338166236877441
2000,10000,1.5315,0.07477355003356934
2000,10000,1.50525,0.074127197265625
2000,10000,1.55475,0.07429909706115723
2000,10000,1.52925,0.07419633865356445
2000,10000,1.5015,0.07462191581726074
2000,10000,1.46925,0.07416558265686035
2000,10000,1.503,0.07501220703125
2000,10000,1.539,0.07535243034362793
2000,10000,1.503,0.07498431205749512
2000,10000,1.5285,0.0755620002746582
2000,10000,1.56075,0.07490420341491699
2000,10000,1.4925,0.07387042045593262
2000,10000,1.49025,0.07427597045898438
2000,10000,1.53,0.07489347457885742
2000,10000,1.509,0.07381033897399902
2000,10000,1.49775,0.07360339164733887
2000,10000,1.4955,0.0743563175201416
2000,10000,1.5285,0.07415533065795898
2000,10000,1.494,0.07378268241882324
2000,10000,1.527,0.07422757148742676
2000,10000,1.49925,0.07384324073791504
2000,10000,1.50975,0.07392740249633789
2000,10000,1.49175,0.07309556007385254
2000,10000,1.5345,0.07418179512023926
2000,10000,1.52325,0.07398009300231934
2000,10000,1.533,0.07393217086791992
2000,10000,1.5015,0.07322335243225098
2000,10000,1.503,0.07356548309326172
2000,10000,1.503,0.07380366325378418
2000,10000,1.48875,0.07303929328918457
2000,10000,1.5105,0.07404446601867676
2000,10000,1.51875,0.07369756698608398
2000,10000,1.503,0.07335615158081055
2000,10000,1.47225,0.07300710678100586
2000,10000,1.539,0.07433176040649414
2000,10000,1.49025,0.07374072074890137
2000,10000,1.509,0.07310271263122559
2000,10000,1.515,0.07419848442077637
2000,10000,1.4895,0.07458925247192383
2000,10000,1.515,0.07537484169006348
2000,10000,1.49775,0.0745387077331543
2000,10000,1.4895,0.07436013221740723
2000,10000,1.51575,0.07532048225402832
2000,10000,1.50675,0.07478666305541992
2000,10000,1.5,0.07530045509338379
2000,10000,1.52475,0.07534575462341309
2000,10000,1.56825,0.07591128349304199
2000,10000,1.49775,0.07377004623413086
2000,10000,1.5165,0.0743105411529541
2000,10000,1.497,0.0731050968170166
2000,10000,1.5165,0.07371902465820312
2000,10000,1.5165,0.07371687889099121
2000,10000,1.50675,0.0733487606048584
2000,10000,1.5255,0.07403421401977539
2000,10000,1.536,0.07456135749816895
2000,10000,1.5195,0.0751943588256836
2000,10000,1.49025,0.07421398162841797
2000,10000,1.5195,0.07556629180908203
2000,10000,1.48875,0.07411336898803711
2000,10000,1.46025,0.07307839393615723
2000,10000,1.491,0.07317304611206055
2000,10000,1.51425,0.07445025444030762
2000,10000,1.5615,0.07557511329650879
2000,10000,1.5045,0.0737917423248291
2000,10000,1.5195,0.07392597198486328
2000,10000,1.52325,0.07407140731811523
2000,10000,1.542,0.07468962669372559
2000,10000,1.482,0.07333922386169434
2000,10000,1.5375,0.0741889476776123
2000,10000,1.50975,0.07390069961547852
2000,10000,1.50075,0.07289481163024902
2000,10000,1.49025,0.07288289070129395
2000,10000,1.48275,0.07347822189331055
2000,10000,1.488,0.07299351692199707
2000,10000,1.485,0.07314562797546387
2000,10000,1.50975,0.07390737533569336
2000,10000,1.5225,0.07390141487121582
2000,10000,1.49175,0.07336854934692383
2000,10000,1.49475,0.07303810119628906
2000,10000,1.5105,0.07314109802246094
2000,10000,1.527,0.07393813133239746
2000,10000,1.51275,0.07397031784057617
2000,10000,1.48425,0.07395792007446289
2000,10000,1.49325,0.07521390914916992
2000,10000,1.47,0.07442665100097656
2000,10000,1.524,0.07751631736755371
2000,10000,1.539,0.0754401683807373
2000,10000,1.524,0.07485508918762207
2000,10000,1.52625,0.07497000694274902
2000,10000,1.5375,0.0752112865447998
2000,10000,1.521,0.0750572681427002
2000,10000,1.53,0.07525944709777832
2000,10000,1.52325,0.07522296905517578
2000,10000,1.4805,0.07462286949157715
2000,10000,1.509,0.07501864433288574
2000,10000,1.4535,0.0736229419708252
2000,10000,1.49025,0.07465600967407227
2000,10000,1.497,0.07448506355285645
2000,10000,1.50975,0.0750424861907959
2000,10000,1.4625,0.07365274429321289
2000,10000,1.49625,0.07464385032653809
2000,10000,1.497,0.0742347240447998
2000,10000,1.491,0.07388424873352051
2000,10000,1.50075,0.07478499412536621
2000,10000,1.51575,0.07491612434387207
2000,10000,1.4835,0.07371354103088379
2000,10000,1.476,0.07392525672912598
2000,10000,1.5165,0.07409048080444336
2000,10000,1.506,0.07437872886657715
2000,10000,1.49025,0.07429885864257812
2000,10000,1.52175,0.07500720024108887
2000,10000,1.48125,0.073974609375
2000,10000,1.506,0.07488632202148438
2000,10000,1.52925,0.07527923583984375
2000,10000,1.509,0.07471513748168945
2000,10000,1.5135,0.07477092742919922
2000,10000,1.449,0.07369875907897949
2000,10000,1.5135,0.07417082786560059
2000,10000,1.46625,0.07345247268676758
2000,10000,1.51425,0.07525992393493652
2000,10000,1.521,0.0750265121459961
2000,10000,1.48875,0.07394623756408691
2000,10000,1.4985,0.07468128204345703
2000,10000,1.509,0.07537221908569336
2000,10000,1.51875,0.075531005859375
2000,10000,1.53525,0.0755467414855957
2000,10000,1.53675,0.07544946670532227
2000,10000,1.5165,0.07551312446594238
2000,10000,1.49775,0.07486557960510254
2000,10000,1.48425,0.07414031028747559
2000,10000,1.4925,0.07421541213989258
2000,10000,1.533,0.07593750953674316
2000,10000,1.51425,0.07514142990112305
2000,10000,1.4895,0.07429242134094238
2000,10000,1.491,0.07434988021850586
2000,10000,1.51575,0.07572460174560547
2000,10000,1.50225,0.07446002960205078
2000,10000,1.48725,0.0743248462677002
2000,10000,1.53075,0.07483577728271484
2000,10000,1.49625,0.07444477081298828
2000,10000,1.49175,0.07418489456176758
2000,10000,1.52175,0.07449817657470703
2000,10000,1.554,0.07560276985168457
2000,10000,1.51725,0.07439661026000977
2000,10000,1.4985,0.07480025291442871
2000,10000,1.52625,0.07484030723571777
2000,10000,1.52175,0.07483339309692383
2000,10000,1.51275,0.07478785514831543
2000,10000,1.50225,0.07452988624572754
2000,10000,1.48875,0.07459259033203125
2000,10000,1.5345,0.07527518272399902
2000,10000,1.52475,0.0772256851196289
2000,10000,1.479,0.07433247566223145
2000,10000,1.542,0.07607126235961914
2000,10000,1.5,0.07506179809570312
2000,10000,1.554,0.0760645866394043
2000,10000,1.48875,0.07470488548278809
2000,10000,1.47225,0.07419300079345703
2000,10000,1.51875,0.07514715194702148
2000,10000,1.5405,0.07558774948120117
2000,10000,1.52025,0.07573843002319336
2000,10000,1.536,0.07543778419494629
2000,10000,1.488,0.07425618171691895
2000,10000,1.533,0.07607626914978027
2000,10000,1.4655,0.07462859153747559
2000,10000,1.5075,0.0746614933013916
2000,10000,1.51425,0.07481932640075684
2000,10000,1.51275,0.07452225685119629
2000,10000,1.4865,0.07371973991394043
2000,10000,1.485,0.07530045509338379
2000,10000,1.521,0.07520484924316406
2000,10000,1.51725,0.07534265518188477
2000,10000,1.5015,0.0751185417175293
2000,10000,1.51725,0.07530570030212402
2000,10000,1.50525,0.07486581802368164
2000,10000,1.48875,0.07436442375183105
2000,10000,1.5315,0.0754697322845459
2000,10000,1.49325,0.07444977760314941
2000,10000,1.5465,0.07576131820678711
2000,10000,1.50825,0.07513737678527832
2000,10000,1.49925,0.0744316577911377
2000,10000,1.54125,0.07561421394348145
2000,10000,1.53525,0.07531881332397461
2000,10000,1.51575,0.07489275932312012
2000,10000,1.49475,0.07458376884460449
2000,10000,1.5105,0.07476091384887695
2000,10000,1.518,0.07509493827819824
2000,10000,1.5315,0.07644939422607422
2000,10000,1.55625,0.07636475563049316
2000,10000,1.5255,0.0753927230834961
2000,10000,1.521,0.07506942749023438
2000,10000,1.55775,0.07607316970825195
2000,10000,1.4985,0.07462596893310547
2000,10000,1.482,0.07416653633117676
2000,10000,1.46925,0.07348895072937012
2000,10000,1.55325,0.07501554489135742
2000,10000,1.4775,0.07370805740356445
2000,10000,1.49325,0.07440066337585449
2000,10000,1.5195,0.07478976249694824
2000,10000,1.50825,0.07450127601623535
2000,10000,1.54275,0.07499027252197266
2000,10000,1.5045,0.07474255561828613
2000,10000,1.51275,0.07476401329040527
2000,10000,1.47375,0.07412409782409668
2000,10000,1.4895,0.0743567943572998
2000,10000,1.50975,0.07456827163696289
2000,10000,1.488,0.07414054870605469
2000,10000,1.50375,0.07459712028503418
2000,10000,1.482,0.07365655899047852
2000,10000,1.5435,0.07546710968017578
2000,10000,1.50975,0.07508230209350586
2000,10000,1.54575,0.0752406120300293
2000,10000,1.4985,0.07420992851257324
2000,10000,1.53825,0.07529997825622559
2000,10000,1.4895,0.07442545890808105
2000,10000,1.509,0.07445549964904785
2000,10000,1.48125,0.07381772994995117
2000,10000,1.51125,0.07439517974853516
2000,10000,1.5315,0.07504105567932129
2000,10000,1.4835,0.07444906234741211
2000,10000,1.4985,0.0741891860961914
2000,10000,1.473,0.07372522354125977
2000,10000,1.5075,0.07430386543273926
2000,10000,1.51725,0.07504510879516602
2000,10000,1.506,0.07458996772766113
2000,10000,1.52025,0.0750572681427002
2000,10000,1.4955,0.07444357872009277
2000,10000,1.50675,0.07458829879760742
2000,10000,1.51575,0.07504081726074219
2000,10000,1.51425,0.07529759407043457
2000,10000,1.45125,0.07344675064086914
2000,10000,1.49925,0.07478451728820801
2000,10000,1.52175,0.0756833553314209
2000,10000,1.49775,0.07446789741516113
2000,10000,1.5105,0.07479095458984375
2000,10000,1.48425,0.07437515258789062
2000,10000,1.548,0.07567048072814941
2000,10000,1.49475,0.07532262802124023
2000,10000,1.494,0.07514595985412598
2000,10000,1.521,0.07506799697875977
2000,10000,1.488,0.07408690452575684
2000,10000,1.48425,0.0741121768951416
2000,10000,1.49025,0.07427811622619629
2000,10000,1.49625,0.07441425323486328
2000,10000,1.50375,0.0748140811920166
2000,10000,1.52925,0.07547521591186523
2000,10000,1.48425,0.07473158836364746
2000,10000,1.4775,0.07395648956298828
2000,10000,1.542,0.07541728019714355
2000,10000,1.482,0.07375168800354004
2000,10000,1.488,0.07380008697509766
2000,10000,1.47525,0.07323646545410156
2000,10000,1.5465,0.07539677619934082
2000,10000,1.5195,0.07512354850769043
2000,10000,1.509,0.07433104515075684
2000,10000,1.50975,0.07465720176696777
2000,10000,1.55025,0.07553458213806152
2000,10000,1.5075,0.07457566261291504
2000,10000,1.5315,0.0761263370513916
2000,10000,1.50375,0.07481145858764648
2000,10000,1.527,0.07518815994262695
2000,10000,1.48725,0.07457280158996582
2000,10000,1.49025,0.07474184036254883
2000,10000,1.5465,0.0756227970123291
2000,10000,1.5165,0.07542109489440918
2000,10000,1.51725,0.07515263557434082
2000,10000,1.4865,0.07419037818908691
2000,10000,1.5015,0.07500386238098145
2000,10000,1.5255,0.0759115219116211
2000,10000,1.545,0.07596564292907715
2000,10000,1.49625,0.07484555244445801
2000,10000,1.482,0.07456851005554199
2000,10000,1.53825,0.07554435729980469
2000,10000,1.47375,0.07407355308532715
2000,10000,1.52625,0.07561612129211426
2000,10000,1.53675,0.07587099075317383
2000,10000,1.53675,0.07510256767272949
2000,10000,1.50225,0.07508635520935059
2000,10000,1.5015,0.07485365867614746
2000,10000,1.49625,0.07470083236694336
2000,10000,1.50525,0.07475805282592773
2000,10000,1.5105,0.07473874092102051
2000,10000,1.47,0.07390809059143066
2000,10000,1.4955,0.07460284233093262
2000,10000,1.5255,0.07513785362243652
2000,10000,1.5255,0.0751032829284668
2000,10000,1.524,0.07504582405090332
2000,10000,1.47225,0.07440662384033203
2000,10000,1.50525,0.07488465309143066
2000,10000,1.4775,0.0755002498626709
2000,10000,1.50225,0.07569456100463867
2000,10000,1.50975,0.07507133483886719
2000,10000,1.521,0.07525324821472168
2000,10000,1.5,0.07445096969604492
2000,10000,1.47225,0.07382750511169434
2000,10000,1.52025,0.07494878768920898
2000,10000,1.557,0.07561373710632324
2000,10000,1.51275,0.07494664192199707
2000,10000,1.49775,0.0744478702545166
2000,10000,1.512,0.07462787628173828
2000,10000,1.5,0.07380819320678711
2000,10000,1.55775,0.07595419883728027
2000,10000,1.51725,0.07467794418334961
2000,10000,1.5105,0.07457184791564941
2000,10000,1.52775,0.07479476928710938
2000,10000,1.4865,0.07429718971252441
2000,10000,1.5375,0.07618927955627441
2000,10000,1.485,0.07450342178344727
2000,10000,1.5075,0.07462763786315918
2000,10000,1.551,0.07563042640686035
2000,10000,1.49325,0.07407093048095703
2000,10000,1.512,0.07497477531433105
2000,10000,1.455,0.07347416877746582
2000,10000,1.518,0.07570099830627441
2000,10000,1.5285,0.07531213760375977
2000,10000,1.50825,0.07454872131347656
2000,10000,1.51725,0.07444000244140625
2000,10000,1.491,0.07422065734863281
2000,10000,1.54875,0.07528424263000488
2000,10000,1.45725,0.07369208335876465
2000,10000,1.515,0.07485079765319824
2000,10000,1.50225,0.07483196258544922
2000,10000,1.512,0.07509851455688477
2000,10000,1.4985,0.07435107231140137
2000,10000,1.4895,0.0743560791015625
2000,10000,1.527,0.3583528995513916
2000,10000,1.51275,0.0735771656036377
2000,10000,1.49475,0.07330775260925293
2000,10000,1.512,0.07314062118530273
2000,10000,1.47975,0.07193565368652344
2000,10000,1.51425,0.07315826416015625
2000,10000,1.50825,0.0732426643371582
2000,10000,1.51875,0.07286405563354492
2000,10000,1.47075,0.07138204574584961
2000,10000,1.5075,0.07268404960632324
2000,10000,1.47975,0.07242965698242188
2000,10000,1.5255,0.0736541748046875
2000,10000,1.49025,0.07214784622192383
2000,10000,1.5435,0.07376337051391602
2000,10000,1.52325,0.07354497909545898
2000,10000,1.53525,0.0739889144897461
2000,10000,1.455,0.07161355018615723
2000,10000,1.5285,0.07272076606750488
2000,10000,1.52925,0.07359862327575684
2000,10000,1.485,0.07236456871032715
2000,10000,1.4985,0.07370257377624512
2000,10000,1.50225,0.07370185852050781
2000,10000,1.48575,0.07230615615844727
