2000,10000,1.49175,0.35616040229797363
2000,10000,1.48725,0.055843353271484375
2000,10000,1.54875,0.05673384666442871
2000,10000,1.5165,0.05594062805175781
2000,10000,1.5435,0.05712485313415527
2000,10000,1.51275,0.05596041679382324
2000,10000,1.50675,0.05608987808227539
2000,10000,1.5525,0.056702613830566406
2000,10000,1.55325,0.05654478073120117
2000,10000,1.5195,0.055828094482421875
2000,10000,1.569,0.056963443756103516
2000,10000,1.4805,0.05551004409790039
2000,10000,1.46175,0.05475783348083496
2000,10000,1.51875,0.05628681182861328
2000,10000,1.5255,0.056008100509643555
2000,10000,1.45875,0.054633140563964844
2000,10000,1.497,0.05537581443786621
2000,10000,1.48875,0.055459022521972656
2000,10000,1.4745,0.05495309829711914
2000,10000,1.49325,0.055280208587646484
2000,10000,1.542,0.05648064613342285
2000,10000,1.52325,0.05633115768432617
2000,10000,1.49325,0.0554659366607666
2000,10000,1.4775,0.05506610870361328
2000,10000,1.51875,0.05568981170654297
2000,10000,1.52775,0.056134700775146484
2000,10000,1.506,0.055898427963256836
2000,10000,1.5135,0.05600142478942871
2000,10000,1.4955,0.05544281005859375
2000,10000,1.52625,0.05619645118713379
2000,10000,1.557,0.05752706527709961
2000,10000,1.4985,0.05605125427246094
2000,10000,1.5495,0.056697845458984375
2000,10000,1.494,0.055236101150512695
2000,10000,1.53825,0.05689597129821777
2000,10000,1.5105,0.05619215965270996
2000,10000,1.5045,0.055838584899902344
2000,10000,1.5555,0.05691385269165039
2000,10000,1.50225,0.05579781532287598
2000,10000,1.5405,0.05676460266113281
2000,10000,1.4745,0.05537295341491699
2000,10000,1.4745,0.05504107475280762
2000,10000,1.49475,0.05560445785522461
2000,10000,1.48425,0.0554203987121582
2000,10000,1.55025,0.056658267974853516
2000,10000,1.485,0.05506110191345215
2000,10000,1.536,0.056218862533569336
2000,10000,1.49625,0.05563235282897949
2000,10000,1.44375,0.05431413650512695
2000,10000,1.5075,0.05590105056762695
2000,10000,1.55625,0.05680489540100098
2000,10000,1.55175,0.0567469596862793
2000,10000,1.47075,0.05534482002258301
2000,10000,1.5045,0.05602264404296875
2000,10000,1.53525,0.05651497840881348
2000,10000,1.50525,0.05590486526489258
2000,10000,1.48575,0.05599164962768555
2000,10000,1.5075,0.056063175201416016
2000,10000,1.5135,0.05575203895568848
2000,10000,1.46325,0.05477118492126465
2000,10000,1.512,0.055663108825683594
2000,10000,1.50975,0.055568695068359375
2000,10000,1.53525,0.05640244483947754
2000,10000,1.5045,0.0555875301361084
2000,10000,1.52175,0.0560910701751709
2000,10000,1.52325,0.056047916412353516
2000,10000,1.53675,0.0563359260559082
2000,10000,1.557,0.056884765625
2000,10000,1.5525,0.05662274360656738
2000,10000,1.52175,0.056174278259277344
2000,10000,1.482,0.055416107177734375
2000,10000,1.4865,0.05574607849121094
2000,10000,1.49925,0.05701088905334473
2000,10000,1.5075,0.056097984313964844
2000,10000,1.4805,0.0563201904296875
2000,10000,1.52625,0.05721426010131836
2000,10000,1.5285,0.05624580383300781
2000,10000,1.50225,0.05567812919616699
2000,10000,1.50525,0.05566883087158203
2000,10000,1.49625,0.05541110038757324
2000,10000,1.4745,0.05514049530029297
2000,10000,1.48875,0.05560302734375
2000,10000,1.4655,0.05497097969055176
2000,10000,1.467,0.054921627044677734
2000,10000,1.545,0.056687116622924805
2000,10000,1.51575,0.05612921714782715
2000,10000,1.51275,0.055931806564331055
2000,10000,1.521,0.056237220764160156
2000,10000,1.55625,0.0566861629486084
2000,10000,1.50375,0.056090354919433594
2000,10000,1.4745,0.055020809173583984
2000,10000,1.46775,0.05484414100646973
2000,10000,1.55325,0.05679464340209961
2000,10000,1.482,0.05563497543334961
2000,10000,1.47225,0.05489778518676758
2000,10000,1.46925,0.055031538009643555
2000,10000,1.52475,0.05594801902770996
2000,10000,1.43775,0.05393481254577637
2000,10000,1.515,0.05576586723327637
2000,10000,1.4835,0.05519747734069824
2000,10000,1.488,0.05554819107055664
2000,10000,1.4835,0.055252790451049805
2000,10000,1.5285,0.05633401870727539
2000,10000,1.515,0.05704045295715332
2000,10000,1.52325,0.056952714920043945
2000,10000,1.533,0.05746746063232422
2000,10000,1.5615,0.05758357048034668
2000,10000,1.48125,0.05566239356994629
2000,10000,1.50825,0.05643343925476074
2000,10000,1.494,0.05529928207397461
2000,10000,1.4475,0.05499982833862305
2000,10000,1.48425,0.05573272705078125
2000,10000,1.509,0.05590105056762695
2000,10000,1.4775,0.05559563636779785
2000,10000,1.48125,0.055280447006225586
2000,10000,1.5195,0.056093692779541016
2000,10000,1.5135,0.05591988563537598
2000,10000,1.53525,0.056528329849243164
2000,10000,1.5135,0.05578923225402832
2000,10000,1.5345,0.05670475959777832
2000,10000,1.49025,0.05550074577331543
2000,10000,1.464,0.05505037307739258
2000,10000,1.551,0.05683302879333496
2000,10000,1.5195,0.0560452938079834
2000,10000,1.4865,0.05544781684875488
2000,10000,1.51275,0.0563201904296875
2000,10000,1.55025,0.05679774284362793
2000,10000,1.5315,0.056353092193603516
2000,10000,1.464,0.055040836334228516
2000,10000,1.50225,0.0559539794921875
2000,10000,1.482,0.0556182861328125
2000,10000,1.5255,0.05619049072265625
2000,10000,1.49325,0.05536007881164551
2000,10000,1.52625,0.05603790283203125
2000,10000,1.509,0.05635547637939453
2000,10000,1.482,0.05577421188354492
2000,10000,1.49925,0.05638289451599121
2000,10000,1.51725,0.05611443519592285
2000,10000,1.53525,0.05659055709838867
2000,10000,1.5075,0.05573606491088867
2000,10000,1.53825,0.05670809745788574
2000,10000,1.49025,0.05696511268615723
2000,10000,1.48875,0.056638240814208984
2000,10000,1.4895,0.056717634201049805
2000,10000,1.491,0.05666542053222656
2000,10000,1.5435,0.05716300010681152
2000,10000,1.52775,0.057357072830200195
2000,10000,1.49925,0.056707143783569336
2000,10000,1.533,0.057656049728393555
2000,10000,1.52775,0.05715441703796387
2000,10000,1.50375,0.05687451362609863
2000,10000,1.52625,0.05752730369567871
2000,10000,1.52025,0.05635476112365723
2000,10000,1.54275,0.05694937705993652
2000,10000,1.527,0.05689430236816406
2000,10000,1.455,0.05521869659423828
2000,10000,1.467,0.055225372314453125
2000,10000,1.51275,0.05612921714782715
2000,10000,1.54125,0.05713057518005371
2000,10000,1.491,0.05635333061218262
2000,10000,1.56825,0.05763530731201172
2000,10000,1.503,0.05629682540893555
2000,10000,1.4985,0.057196855545043945
2000,10000,1.5015,0.05663895606994629
2000,10000,1.4925,0.05627155303955078
2000,10000,1.4955,0.05626416206359863
2000,10000,1.51725,0.05666828155517578
2000,10000,1.48125,0.05616283416748047
2000,10000,1.5675,0.05905008316040039
2000,10000,1.518,0.05808877944946289
2000,10000,1.56,0.05859971046447754
2000,10000,1.48425,0.057033538818359375
2000,10000,1.509,0.057094573974609375
2000,10000,1.44,0.05507302284240723
2000,10000,1.542,0.057102203369140625
2000,10000,1.53,0.057562828063964844
2000,10000,1.512,0.05695819854736328
2000,10000,1.4925,0.057137489318847656
2000,10000,1.4655,0.05628252029418945
2000,10000,1.557,0.058454036712646484
2000,10000,1.54725,0.05815243721008301
2000,10000,1.50375,0.05704855918884277
2000,10000,1.54125,0.05875658988952637
2000,10000,1.5255,0.05741691589355469
2000,10000,1.55925,0.058205604553222656
2000,10000,1.55625,0.05796384811401367
2000,10000,1.48575,0.05655646324157715
2000,10000,1.47375,0.05591154098510742
2000,10000,1.533,0.05714249610900879
2000,10000,1.51275,0.056731224060058594
2000,10000,1.536,0.0573732852935791
2000,10000,1.57125,0.059201717376708984
2000,10000,1.54575,0.0580906867980957
2000,10000,1.4655,0.056195735931396484
2000,10000,1.54275,0.05777549743652344
2000,10000,1.44825,0.055602073669433594
2000,10000,1.503,0.055715322494506836
2000,10000,1.506,0.055701255798339844
2000,10000,1.4325,0.05408620834350586
2000,10000,1.4955,0.0555424690246582
2000,10000,1.419,0.05404043197631836
2000,10000,1.5525,0.05649733543395996
2000,10000,1.50675,0.05570507049560547
2000,10000,1.539,0.05647730827331543
2000,10000,1.533,0.0563657283782959
2000,10000,1.479,0.05508542060852051
2000,10000,1.515,0.0558476448059082
2000,10000,1.4625,0.05482602119445801
2000,10000,1.518,0.056150197982788086
2000,10000,1.464,0.05504631996154785
2000,10000,1.51125,0.056257009506225586
2000,10000,1.482,0.05521059036254883
2000,10000,1.512,0.05577421188354492
2000,10000,1.4625,0.05519247055053711
2000,10000,1.5015,0.05569934844970703
2000,10000,1.53075,0.0567324161529541
2000,10000,1.48425,0.05526614189147949
2000,10000,1.54425,0.05660605430603027
2000,10000,1.49625,0.05575990676879883
2000,10000,1.48125,0.055208683013916016
2000,10000,1.4955,0.05594754219055176
2000,10000,1.54725,0.05713009834289551
2000,10000,1.479,0.05533790588378906
2000,10000,1.53525,0.05649876594543457
2000,10000,1.51575,0.05589890480041504
2000,10000,1.5285,0.056713104248046875
2000,10000,1.52025,0.05667734146118164
2000,10000,1.509,0.05733156204223633
2000,10000,1.5165,0.057207345962524414
2000,10000,1.48725,0.05661606788635254
2000,10000,1.491,0.0574488639831543
2000,10000,1.461,0.05612015724182129
2000,10000,1.53,0.05732583999633789
2000,10000,1.548,0.057129621505737305
2000,10000,1.52325,0.05692172050476074
2000,10000,1.51275,0.05616140365600586
2000,10000,1.509,0.057001352310180664
2000,10000,1.56075,0.05807328224182129
2000,10000,1.488,0.05667996406555176
2000,10000,1.52025,0.05774998664855957
2000,10000,1.53675,0.05774736404418945
2000,10000,1.5,0.05689406394958496
2000,10000,1.48875,0.055959463119506836
2000,10000,1.515,0.05722308158874512
2000,10000,1.53075,0.05749058723449707
2000,10000,1.53375,0.05751776695251465
2000,10000,1.52175,0.057173967361450195
2000,10000,1.503,0.05643820762634277
2000,10000,1.52175,0.05758237838745117
2000,10000,1.53075,0.05693697929382324
2000,10000,1.521,0.056711435317993164
2000,10000,1.4685,0.05553483963012695
2000,10000,1.51875,0.05687904357910156
2000,10000,1.4865,0.056128740310668945
2000,10000,1.5075,0.05617094039916992
2000,10000,1.539,0.056539058685302734
2000,10000,1.55925,0.0567774772644043
2000,10000,1.52325,0.056246280670166016
2000,10000,1.46925,0.05527305603027344
2000,10000,1.479,0.055249691009521484
2000,10000,1.53675,0.05633091926574707
2000,10000,1.4835,0.05539250373840332
2000,10000,1.518,0.056001901626586914
2000,10000,1.506,0.0556793212890625
2000,10000,1.542,0.056313276290893555
2000,10000,1.5555,0.05665946006774902
2000,10000,1.5525,0.05669212341308594
2000,10000,1.5315,0.056276798248291016
2000,10000,1.503,0.05612373352050781
2000,10000,1.48575,0.05544233322143555
2000,10000,1.48275,0.056185245513916016
2000,10000,1.5045,0.05564379692077637
2000,10000,1.503,0.0556795597076416
2000,10000,1.485,0.055863380432128906
2000,10000,1.49925,0.05539894104003906
2000,10000,1.4835,0.05517387390136719
2000,10000,1.512,0.05563187599182129
2000,10000,1.536,0.05737566947937012
2000,10000,1.47225,0.0555882453918457
2000,10000,1.49625,0.05580902099609375
2000,10000,1.50075,0.056353092193603516
2000,10000,1.524,0.05756545066833496
2000,10000,1.53075,0.057201385498046875
2000,10000,1.47825,0.055817604064941406
2000,10000,1.533,0.05727243423461914
2000,10000,1.53525,0.057337045669555664
2000,10000,1.5075,0.055802345275878906
2000,10000,1.52625,0.05694746971130371
2000,10000,1.5135,0.056182146072387695
2000,10000,1.479,0.05488848686218262
2000,10000,1.46325,0.055201053619384766
2000,10000,1.494,0.056265830993652344
2000,10000,1.4985,0.05671525001525879
2000,10000,1.5405,0.058155059814453125
2000,10000,1.47975,0.0564119815826416
2000,10000,1.512,0.056285858154296875
2000,10000,1.5075,0.05620598793029785
2000,10000,1.476,0.055402517318725586
2000,10000,1.45275,0.05450916290283203
2000,10000,1.48275,0.05530428886413574
2000,10000,1.53375,0.056165218353271484
2000,10000,1.47675,0.05510449409484863
2000,10000,1.503,0.05573391914367676
2000,10000,1.53225,0.05630946159362793
2000,10000,1.48575,0.055091142654418945
2000,10000,1.5135,0.05582284927368164
2000,10000,1.50975,0.055873870849609375
2000,10000,1.467,0.05505013465881348
2000,10000,1.53825,0.05636477470397949
2000,10000,1.52925,0.05644822120666504
2000,10000,1.52775,0.05611848831176758
2000,10000,1.5255,0.0563356876373291
2000,10000,1.533,0.056452035903930664
2000,10000,1.47075,0.0550234317779541
2000,10000,1.5645,0.05695295333862305
2000,10000,1.47825,0.055171966552734375
2000,10000,1.524,0.056174278259277344
2000,10000,1.4505,0.05446815490722656
2000,10000,1.533,0.05659055709838867
2000,10000,1.54725,0.05697441101074219
2000,10000,1.58025,0.057413578033447266
2000,10000,1.51125,0.05608844757080078
2000,10000,1.48275,0.05552220344543457
2000,10000,1.49925,0.05589747428894043
2000,10000,1.5165,0.05622148513793945
2000,10000,1.5255,0.05618786811828613
2000,10000,1.5165,0.05612683296203613
2000,10000,1.55025,0.05681467056274414
2000,10000,1.518,0.05578279495239258
2000,10000,1.497,0.0556333065032959
2000,10000,1.51425,0.05571794509887695
2000,10000,1.464,0.05473041534423828
2000,10000,1.49325,0.05547142028808594
2000,10000,1.51275,0.05600857734680176
2000,10000,1.4865,0.05552530288696289
2000,10000,1.45125,0.05471444129943848
2000,10000,1.49025,0.055176496505737305
2000,10000,1.497,0.05536699295043945
2000,10000,1.52775,0.05617809295654297
2000,10000,1.506,0.05579543113708496
2000,10000,1.46625,0.05577349662780762
2000,10000,1.521,0.05655336380004883
2000,10000,1.47675,0.055178165435791016
2000,10000,1.5585,0.056852102279663086
2000,10000,1.46325,0.054686784744262695
2000,10000,1.479,0.054982900619506836
2000,10000,1.482,0.05510401725769043
2000,10000,1.485,0.055410146713256836
2000,10000,1.52775,0.05604147911071777
2000,10000,1.527,0.0563807487487793
2000,10000,1.5345,0.056835174560546875
2000,10000,1.4955,0.05582594871520996
2000,10000,1.518,0.05599260330200195
2000,10000,1.5075,0.055698394775390625
2000,10000,1.51275,0.055750370025634766
2000,10000,1.488,0.055477142333984375
2000,10000,1.4955,0.05552101135253906
2000,10000,1.43925,0.05417203903198242
2000,10000,1.476,0.05495595932006836
2000,10000,1.476,0.055507659912109375
2000,10000,1.5285,0.05637812614440918
2000,10000,1.512,0.05609726905822754
2000,10000,1.55925,0.056943655014038086
2000,10000,1.476,0.05534482002258301
2000,10000,1.51725,0.05581402778625488
2000,10000,1.4865,0.05547928810119629
2000,10000,1.46325,0.054842472076416016
2000,10000,1.4445,0.05433344841003418
2000,10000,1.524,0.056037187576293945
2000,10000,1.54425,0.057804107666015625
2000,10000,1.50525,0.05662798881530762
2000,10000,1.52775,0.05747652053833008
2000,10000,1.5495,0.05693650245666504
2000,10000,1.524,0.05736851692199707
2000,10000,1.479,0.05614042282104492
2000,10000,1.51125,0.05593299865722656
2000,10000,1.47675,0.0557856559753418
2000,10000,1.5075,0.05622720718383789
2000,10000,1.52625,0.0561823844909668
2000,10000,1.4955,0.05547904968261719
2000,10000,1.49325,0.05538606643676758
2000,10000,1.48125,0.055150508880615234
2000,10000,1.46025,0.05484342575073242
2000,10000,1.4985,0.05576753616333008
2000,10000,1.5255,0.056088924407958984
2000,10000,1.54725,0.0565946102142334
2000,10000,1.54725,0.05689835548400879
2000,10000,1.53375,0.05647587776184082
2000,10000,1.55175,0.05702376365661621
2000,10000,1.49175,0.05571746826171875
2000,10000,1.47975,0.05494832992553711
2000,10000,1.518,0.056307315826416016
2000,10000,1.55775,0.056822776794433594
2000,10000,1.5105,0.05564570426940918
2000,10000,1.50825,0.05588173866271973
2000,10000,1.4655,0.05504250526428223
2000,10000,1.49925,0.055544376373291016
2000,10000,1.512,0.05579423904418945
2000,10000,1.46625,0.05500221252441406
2000,10000,1.4925,0.05537700653076172
2000,10000,1.54425,0.05700325965881348
2000,10000,1.509,0.056244850158691406
2000,10000,1.515,0.056539058685302734
2000,10000,1.482,0.05556058883666992
2000,10000,1.54275,0.057116031646728516
2000,10000,1.4295,0.054105520248413086
2000,10000,1.51575,0.056188344955444336
2000,10000,1.494,0.05609774589538574
2000,10000,1.54725,0.05649089813232422
2000,10000,1.512,0.05586075782775879
2000,10000,1.53225,0.05623126029968262
2000,10000,1.50375,0.05588936805725098
2000,10000,1.5,0.05547618865966797
2000,10000,1.49325,0.055777549743652344
2000,10000,1.5195,0.0559847354888916
2000,10000,1.539,0.05720806121826172
2000,10000,1.509,0.05574846267700195
2000,10000,1.53825,0.05618715286254883
2000,10000,1.512,0.055826663970947266
2000,10000,1.49325,0.05553913116455078
2000,10000,1.47825,0.055005788803100586
2000,10000,1.5195,0.05607128143310547
2000,10000,1.5615,0.057037353515625
2000,10000,1.51575,0.05585217475891113
2000,10000,1.53,0.05608391761779785
2000,10000,1.47825,0.05511641502380371
2000,10000,1.45575,0.05451655387878418
2000,10000,1.48125,0.05513405799865723
2000,10000,1.5315,0.05626654624938965
2000,10000,1.51425,0.05718803405761719
2000,10000,1.4895,0.05583477020263672
2000,10000,1.48425,0.05570673942565918
2000,10000,1.4865,0.05527162551879883
2000,10000,1.5615,0.05710625648498535
2000,10000,1.4415,0.054294586181640625
2000,10000,1.5,0.05574631690979004
2000,10000,1.50675,0.05605006217956543
2000,10000,1.491,0.05534625053405762
2000,10000,1.47975,0.05518913269042969
2000,10000,1.56375,0.05702400207519531
2000,10000,1.515,0.0561060905456543
2000,10000,1.488,0.05523109436035156
2000,10000,1.467,0.05499839782714844
2000,10000,1.5075,0.0557866096496582
2000,10000,1.56825,0.057149410247802734
2000,10000,1.527,0.056290388107299805
2000,10000,1.476,0.05506396293640137
2000,10000,1.52625,0.0562283992767334
2000,10000,1.52175,0.05610394477844238
2000,10000,1.4805,0.05559372901916504
2000,10000,1.5405,0.05642890930175781
2000,10000,1.48575,0.05545401573181152
2000,10000,1.52025,0.05604696273803711
2000,10000,1.50375,0.055418968200683594
2000,10000,1.539,0.05635952949523926
2000,10000,1.49925,0.055570363998413086
2000,10000,1.46325,0.054567575454711914
2000,10000,1.473,0.055028676986694336
2000,10000,1.524,0.05615592002868652
2000,10000,1.4745,0.05493640899658203
2000,10000,1.5015,0.05557751655578613
2000,10000,1.47525,0.0550076961517334
2000,10000,1.5105,0.055687665939331055
2000,10000,1.4805,0.05530834197998047
2000,10000,1.4955,0.05540180206298828
2000,10000,1.4565,0.054776906967163086
2000,10000,1.51425,0.056554555892944336
2000,10000,1.47975,0.05582094192504883
2000,10000,1.47975,0.054950714111328125
2000,10000,1.51725,0.05615067481994629
2000,10000,1.5195,0.05628776550292969
2000,10000,1.49175,0.05560731887817383
2000,10000,1.49475,0.055550336837768555
2000,10000,1.49325,0.05576896667480469
2000,10000,1.5075,0.0556941032409668
2000,10000,1.4955,0.055654048919677734
2000,10000,1.48575,0.05555319786071777
2000,10000,1.4955,0.05550670623779297
2000,10000,1.53225,0.05619096755981445
2000,10000,1.485,0.055554866790771484
2000,10000,1.57125,0.05707836151123047
2000,10000,1.578,0.05740022659301758
2000,10000,1.51425,0.05635356903076172
2000,10000,1.52625,0.05649423599243164
2000,10000,1.50375,0.05546140670776367
2000,10000,1.44825,0.054708242416381836
2000,10000,1.50825,0.05572152137756348
2000,10000,1.509,0.055768728256225586
2000,10000,1.521,0.055863380432128906
2000,10000,1.5735,0.057733774185180664
2000,10000,1.575,0.057357072830200195
2000,10000,1.51275,0.056269168853759766
2000,10000,1.5315,0.05685281753540039
2000,10000,1.5225,0.05618739128112793
2000,10000,1.52175,0.05614018440246582
2000,10000,1.48725,0.05542874336242676
2000,10000,1.57125,0.05709958076477051
2000,10000,1.50225,0.055878639221191406
2000,10000,1.494,0.055196285247802734
2000,10000,1.57275,0.057554006576538086
2000,10000,1.5435,0.05651140213012695
2000,10000,1.515,0.05584883689880371
2000,10000,1.5015,0.056191205978393555
2000,10000,1.533,0.056888580322265625
2000,10000,1.44525,0.05477118492126465
2000,10000,1.48575,0.05536365509033203
2000,10000,1.5015,0.055728912353515625
2000,10000,1.536,0.05643486976623535
2000,10000,1.527,0.05659675598144531
2000,10000,1.53825,0.05656766891479492
2000,10000,1.51425,0.0558323860168457
2000,10000,1.52175,0.05620098114013672
2000,10000,1.5225,0.05604720115661621
2000,10000,1.53,0.056493282318115234
2000,10000,1.52775,0.05613565444946289
2000,10000,1.51125,0.05601310729980469
2000,10000,1.5285,0.05606341361999512
2000,10000,1.5315,0.05603766441345215
2000,10000,1.5165,0.055895090103149414
2000,10000,1.46475,0.05468940734863281
2000,10000,1.5165,0.056432247161865234
2000,10000,1.4895,0.05614614486694336
2000,10000,1.49475,0.05585741996765137
2000,10000,1.536,0.056926727294921875
2000,10000,1.455,0.055388450622558594
2000,10000,1.51875,0.05648064613342285
2000,10000,1.49625,0.05614209175109863
2000,10000,1.53825,0.05721282958984375
2000,10000,1.49325,0.05599069595336914
2000,10000,1.557,0.056995391845703125
2000,10000,1.54125,0.05668377876281738
2000,10000,1.51425,0.056029558181762695
2000,10000,1.5105,0.05572366714477539
2000,10000,1.4745,0.055040836334228516
2000,10000,1.50225,0.05557751655578613
2000,10000,1.50525,0.055687904357910156
2000,10000,1.5345,0.05662345886230469
2000,10000,1.5315,0.0567474365234375
2000,10000,1.5375,0.05783843994140625
2000,10000,1.48425,0.05532360076904297
2000,10000,1.482,0.055684566497802734
2000,10000,1.46325,0.05507993698120117
2000,10000,1.51125,0.055677175521850586
2000,10000,1.53075,0.05623030662536621
2000,10000,1.542,0.056394338607788086
2000,10000,1.5255,0.05606698989868164
2000,10000,1.527,0.056044578552246094
2000,10000,1.48425,0.055634260177612305
2000,10000,1.4685,0.054776906967163086
2000,10000,1.5375,0.05629158020019531
2000,10000,1.53225,0.05707859992980957
2000,10000,1.5285,0.05708193778991699
2000,10000,1.5225,0.056687116622924805
2000,10000,1.485,0.05617952346801758
2000,10000,1.467,0.05580282211303711
2000,10000,1.5105,0.0566563606262207
2000,10000,1.584,0.058501243591308594
2000,10000,1.551,0.05797553062438965
2000,10000,1.509,0.05709266662597656
2000,10000,1.52175,0.05674099922180176
2000,10000,1.521,0.05672264099121094
2000,10000,1.512,0.05635523796081543
2000,10000,1.48425,0.055724382400512695
2000,10000,1.5465,0.05723738670349121
2000,10000,1.563,0.057550907135009766
2000,10000,1.4595,0.055328369140625
2000,10000,1.50975,0.056618690490722656
2000,10000,1.55325,0.057389020919799805
2000,10000,1.54125,0.05682039260864258
2000,10000,1.53525,0.05686783790588379
2000,10000,1.509,0.05614113807678223
2000,10000,1.50375,0.05657196044921875
2000,10000,1.50525,0.057306528091430664
2000,10000,1.54125,0.057286977767944336
2000,10000,1.49325,0.05584406852722168
2000,10000,1.515,0.0569157600402832
2000,10000,1.521,0.05706954002380371
2000,10000,1.49925,0.05621814727783203
2000,10000,1.50825,0.05702710151672363
2000,10000,1.51125,0.05712628364562988
2000,10000,1.53225,0.05777859687805176
2000,10000,1.4835,0.05625605583190918
2000,10000,1.4925,0.05625009536743164
2000,10000,1.54125,0.05683732032775879
2000,10000,1.54275,0.057387590408325195
2000,10000,1.515,0.057122230529785156
2000,10000,1.5105,0.05646705627441406
2000,10000,1.53525,0.05710959434509277
2000,10000,1.49025,0.055753469467163086
2000,10000,1.50075,0.057128190994262695
2000,10000,1.56225,0.05776262283325195
2000,10000,1.5195,0.058106422424316406
2000,10000,1.5015,0.05665254592895508
2000,10000,1.4565,0.055191993713378906
2000,10000,1.4565,0.055768489837646484
2000,10000,1.52475,0.05722188949584961
2000,10000,1.53075,0.05742168426513672
2000,10000,1.54875,0.05733370780944824
2000,10000,1.49325,0.056635379791259766
2000,10000,1.49325,0.05651354789733887
2000,10000,1.53075,0.05720853805541992
2000,10000,1.52625,0.05712151527404785
2000,10000,1.56525,0.056879281997680664
2000,10000,1.51425,0.056716203689575195
2000,10000,1.53675,0.05716705322265625
2000,10000,1.491,0.056523799896240234
2000,10000,1.44825,0.05562758445739746
2000,10000,1.4235,0.05458188056945801
2000,10000,1.551,0.05681300163269043
2000,10000,1.4865,0.055593252182006836
2000,10000,1.53,0.05659770965576172
2000,10000,1.497,0.05567765235900879
2000,10000,1.56375,0.057079315185546875
2000,10000,1.48275,0.05505228042602539
2000,10000,1.539,0.05637669563293457
2000,10000,1.53675,0.056262969970703125
2000,10000,1.49025,0.055278778076171875
2000,10000,1.4805,0.055299997329711914
2000,10000,1.47525,0.05533719062805176
2000,10000,1.53,0.056086063385009766
2000,10000,1.51125,0.05592775344848633
2000,10000,1.539,0.0563814640045166
2000,10000,1.464,0.05541038513183594
2000,10000,1.52625,0.05630970001220703
2000,10000,1.4865,0.05534768104553223
2000,10000,1.554,0.05682516098022461
2000,10000,1.47,0.055152177810668945
2000,10000,1.4565,0.055338382720947266
2000,10000,1.46325,0.05495023727416992
2000,10000,1.497,0.055512428283691406
2000,10000,1.5495,0.05665922164916992
2000,10000,1.5165,0.05598139762878418
2000,10000,1.4865,0.05629110336303711
2000,10000,1.53975,0.05735588073730469
2000,10000,1.47825,0.056546688079833984
2000,10000,1.48575,0.05619192123413086
2000,10000,1.5555,0.05873751640319824
2000,10000,1.5465,0.057918548583984375
2000,10000,1.4265,0.05524444580078125
2000,10000,1.491,0.05594325065612793
2000,10000,1.49475,0.0570371150970459
2000,10000,1.54125,0.05793499946594238
2000,10000,1.51575,0.05658316612243652
2000,10000,1.5105,0.05616569519042969
2000,10000,1.4775,0.05527520179748535
2000,10000,1.47825,0.05489206314086914
2000,10000,1.545,0.05664634704589844
2000,10000,1.4985,0.05564570426940918
2000,10000,1.50825,0.05553030967712402
2000,10000,1.47825,0.055208444595336914
2000,10000,1.53825,0.056316375732421875
2000,10000,1.524,0.0562281608581543
2000,10000,1.545,0.05642199516296387
2000,10000,1.5405,0.05721020698547363
2000,10000,1.5495,0.05688047409057617
2000,10000,1.4775,0.055120229721069336
2000,10000,1.43925,0.05415511131286621
2000,10000,1.5375,0.056494712829589844
2000,10000,1.506,0.05612993240356445
2000,10000,1.47975,0.0552821159362793
2000,10000,1.44075,0.05442452430725098
2000,10000,1.5,0.05530571937561035
2000,10000,1.428,0.05445122718811035
2000,10000,1.55025,0.05644583702087402
2000,10000,1.515,0.05581808090209961
2000,10000,1.51275,0.055770158767700195
2000,10000,1.53675,0.05668520927429199
2000,10000,1.51425,0.05667924880981445
2000,10000,1.4655,0.05536150932312012
2000,10000,1.50675,0.05621910095214844
2000,10000,1.4835,0.05518984794616699
2000,10000,1.5165,0.05636858940124512
2000,10000,1.55475,0.056456565856933594
2000,10000,1.581,0.057730674743652344
2000,10000,1.55025,0.05703544616699219
2000,10000,1.49625,0.055583953857421875
2000,10000,1.54575,0.056936025619506836
2000,10000,1.53825,0.056542158126831055
2000,10000,1.5105,0.05582571029663086
2000,10000,1.47675,0.05508136749267578
2000,10000,1.5285,0.05663633346557617
2000,10000,1.47,0.05537247657775879
2000,10000,1.485,0.05531668663024902
2000,10000,1.4925,0.05530214309692383
2000,10000,1.53975,0.05641818046569824
2000,10000,1.51125,0.05594921112060547
2000,10000,1.494,0.05530595779418945
2000,10000,1.5015,0.055876970291137695
2000,10000,1.4835,0.05511927604675293
2000,10000,1.52775,0.0568234920501709
2000,10000,1.5375,0.056287527084350586
2000,10000,1.5195,0.0561676025390625
2000,10000,1.515,0.055823326110839844
2000,10000,1.5105,0.05575060844421387
2000,10000,1.51725,0.055924177169799805
2000,10000,1.491,0.05552816390991211
2000,10000,1.494,0.055433034896850586
2000,10000,1.491,0.055428504943847656
2000,10000,1.572,0.05749106407165527
2000,10000,1.4565,0.05456233024597168
2000,10000,1.45125,0.05454421043395996
2000,10000,1.497,0.05557441711425781
2000,10000,1.55175,0.05661654472351074
2000,10000,1.47675,0.0554049015045166
2000,10000,1.5075,0.0570683479309082
2000,10000,1.48425,0.05626487731933594
2000,10000,1.48425,0.05644035339355469
2000,10000,1.54125,0.05832624435424805
2000,10000,1.47225,0.05607008934020996
2000,10000,1.50375,0.05679035186767578
2000,10000,1.51425,0.05637168884277344
2000,10000,1.54575,0.05676555633544922
2000,10000,1.51875,0.05599188804626465
2000,10000,1.5075,0.0562441349029541
2000,10000,1.521,0.0567936897277832
2000,10000,1.533,0.05724644660949707
2000,10000,1.5345,0.05803394317626953
2000,10000,1.515,0.0570070743560791
2000,10000,1.50225,0.057099342346191406
2000,10000,1.494,0.05683135986328125
2000,10000,1.50825,0.05684971809387207
2000,10000,1.49325,0.05537605285644531
2000,10000,1.46925,0.05495738983154297
2000,10000,1.50975,0.055719614028930664
2000,10000,1.47225,0.054994821548461914
2000,10000,1.50525,0.0561223030090332
2000,10000,1.479,0.05496335029602051
2000,10000,1.5165,0.05600786209106445
2000,10000,1.536,0.057843685150146484
2000,10000,1.5615,0.057474613189697266
2000,10000,1.49925,0.05690264701843262
2000,10000,1.47,0.056380271911621094
2000,10000,1.5585,0.057996273040771484
2000,10000,1.461,0.05541348457336426
2000,10000,1.548,0.05651736259460449
2000,10000,1.485,0.055724143981933594
2000,10000,1.4805,0.05510973930358887
2000,10000,1.4925,0.05567765235900879
2000,10000,1.46625,0.05469369888305664
2000,10000,1.512,0.05562472343444824
2000,10000,1.53225,0.05728340148925781
2000,10000,1.49175,0.05546998977661133
2000,10000,1.5225,0.05624508857727051
2000,10000,1.524,0.05625152587890625
2000,10000,1.46175,0.05464792251586914
2000,10000,1.539,0.05635190010070801
2000,10000,1.50825,0.055846214294433594
2000,10000,1.533,0.05653548240661621
2000,10000,1.491,0.05547666549682617
2000,10000,1.51725,0.05598020553588867
2000,10000,1.506,0.05572938919067383
2000,10000,1.50375,0.05592608451843262
2000,10000,1.512,0.05594658851623535
2000,10000,1.48725,0.05553317070007324
2000,10000,1.4715,0.05467367172241211
2000,10000,1.48725,0.05602693557739258
2000,10000,1.491,0.05547761917114258
2000,10000,1.54425,0.056452274322509766
2000,10000,1.50675,0.05574846267700195
2000,10000,1.611,0.05791878700256348
2000,10000,1.554,0.057520389556884766
2000,10000,1.51875,0.05620908737182617
2000,10000,1.4925,0.05530405044555664
2000,10000,1.47825,0.05527091026306152
2000,10000,1.52025,0.05763959884643555
2000,10000,1.4835,0.05640220642089844
2000,10000,1.48875,0.05673384666442871
2000,10000,1.48425,0.057076215744018555
2000,10000,1.48725,0.05650830268859863
2000,10000,1.494,0.05582475662231445
2000,10000,1.54125,0.056531429290771484
2000,10000,1.539,0.05675625801086426
2000,10000,1.49925,0.055887460708618164
2000,10000,1.51725,0.0567781925201416
2000,10000,1.497,0.05668926239013672
2000,10000,1.5225,0.0577089786529541
2000,10000,1.48275,0.05628705024719238
2000,10000,1.518,0.05698037147521973
2000,10000,1.524,0.0563664436340332
2000,10000,1.4445,0.054502248764038086
2000,10000,1.51125,0.055721282958984375
2000,10000,1.50225,0.05540204048156738
2000,10000,1.53675,0.05634713172912598
2000,10000,1.485,0.05523419380187988
2000,10000,1.503,0.055486440658569336
2000,10000,1.51425,0.05586957931518555
2000,10000,1.506,0.05578947067260742
2000,10000,1.50525,0.0559384822845459
2000,10000,1.53225,0.056113243103027344
2000,10000,1.49175,0.05573749542236328
2000,10000,1.488,0.05531954765319824
2000,10000,1.52025,0.05659151077270508
2000,10000,1.54875,0.05656695365905762
2000,10000,1.488,0.05522298812866211
2000,10000,1.521,0.05620980262756348
2000,10000,1.524,0.05619049072265625
2000,10000,1.55775,0.05716204643249512
2000,10000,1.52475,0.05645346641540527
2000,10000,1.47825,0.05522894859313965
2000,10000,1.47825,0.05529618263244629
2000,10000,1.518,0.05595850944519043
2000,10000,1.50375,0.05597329139709473
2000,10000,1.5345,0.05649089813232422
2000,10000,1.54125,0.05662083625793457
2000,10000,1.50975,0.05641007423400879
2000,10000,1.54575,0.056725263595581055
2000,10000,1.51575,0.05620980262756348
2000,10000,1.491,0.05576729774475098
2000,10000,1.45575,0.05463767051696777
2000,10000,1.5135,0.05604696273803711
2000,10000,1.50375,0.055944204330444336
2000,10000,1.45275,0.05461573600769043
2000,10000,1.494,0.05613446235656738
2000,10000,1.4265,0.05438661575317383
2000,10000,1.5285,0.05629444122314453
2000,10000,1.539,0.0567014217376709
2000,10000,1.52175,0.055979013442993164
2000,10000,1.515,0.056037187576293945
2000,10000,1.4745,0.05498099327087402
2000,10000,1.4835,0.05532717704772949
2000,10000,1.53675,0.05629849433898926
2000,10000,1.49475,0.055446624755859375
2000,10000,1.50525,0.05585622787475586
2000,10000,1.515,0.05609440803527832
2000,10000,1.48725,0.0554203987121582
2000,10000,1.47,0.05477142333984375
2000,10000,1.4955,0.055493831634521484
2000,10000,1.54125,0.05703163146972656
2000,10000,1.49625,0.05766773223876953
2000,10000,1.48875,0.05652022361755371
2000,10000,1.521,0.0574040412902832
2000,10000,1.47,0.05616927146911621
2000,10000,1.509,0.05688643455505371
2000,10000,1.5495,0.056958913803100586
2000,10000,1.4625,0.054915428161621094
2000,10000,1.47525,0.05584383010864258
2000,10000,1.5075,0.05593419075012207
2000,10000,1.48575,0.055307865142822266
2000,10000,1.50225,0.055550575256347656
2000,10000,1.50675,0.05637955665588379
2000,10000,1.51725,0.057761192321777344
2000,10000,1.551,0.05802440643310547
2000,10000,1.47675,0.05631852149963379
2000,10000,1.53825,0.0577392578125
2000,10000,1.509,0.05700802803039551
2000,10000,1.52175,0.05742764472961426
2000,10000,1.4535,0.05582475662231445
2000,10000,1.51275,0.057231903076171875
2000,10000,1.413,0.05526995658874512
2000,10000,1.4355,0.0555417537689209
2000,10000,1.5045,0.057419538497924805
2000,10000,1.506,0.05737733840942383
2000,10000,1.48425,0.056798458099365234
2000,10000,1.4805,0.05680537223815918
2000,10000,1.497,0.057259321212768555
2000,10000,1.52475,0.0574495792388916
2000,10000,1.503,0.05695223808288574
2000,10000,1.491,0.05650162696838379
2000,10000,1.5195,0.05692100524902344
2000,10000,1.54725,0.057478904724121094
2000,10000,1.48875,0.05599570274353027
2000,10000,1.4925,0.05642962455749512
2000,10000,1.51425,0.05637335777282715
2000,10000,1.5285,0.05716967582702637
2000,10000,1.51725,0.05629086494445801
2000,10000,1.455,0.05515789985656738
2000,10000,1.4895,0.0558624267578125
2000,10000,1.515,0.05680346488952637
2000,10000,1.485,0.05596494674682617
2000,10000,1.52325,0.056427001953125
2000,10000,1.5195,0.05614805221557617
2000,10000,1.45575,0.055132389068603516
2000,10000,1.54125,0.057315826416015625
2000,10000,1.5075,0.05727791786193848
2000,10000,1.47675,0.055819034576416016
2000,10000,1.5195,0.05668950080871582
2000,10000,1.5135,0.05638909339904785
2000,10000,1.43025,0.055197715759277344
2000,10000,1.57875,0.057872772216796875
2000,10000,1.51725,0.05669116973876953
2000,10000,1.52325,0.056336402893066406
2000,10000,1.5075,0.05733823776245117
2000,10000,1.49625,0.05674004554748535
2000,10000,1.509,0.05705666542053223
2000,10000,1.5165,0.056475162506103516
2000,10000,1.506,0.05627918243408203
2000,10000,1.572,0.058684587478637695
2000,10000,1.53675,0.05691671371459961
2000,10000,1.55325,0.05734992027282715
2000,10000,1.51875,0.05620265007019043
2000,10000,1.491,0.05598044395446777
2000,10000,1.494,0.056200265884399414
2000,10000,1.50075,0.05616569519042969
2000,10000,1.49775,0.057159423828125
2000,10000,1.497,0.05576968193054199
2000,10000,1.536,0.05728459358215332
2000,10000,1.491,0.05651402473449707
2000,10000,1.4865,0.05625629425048828
2000,10000,1.49925,0.05621695518493652
2000,10000,1.49325,0.05659747123718262
2000,10000,1.4895,0.056238651275634766
2000,10000,1.51125,0.05655026435852051
2000,10000,1.479,0.05748343467712402
2000,10000,1.4865,0.05637073516845703
2000,10000,1.46475,0.05630993843078613
2000,10000,1.55625,0.05733036994934082
2000,10000,1.46175,0.05484724044799805
2000,10000,1.518,0.05686211585998535
2000,10000,1.53075,0.05613875389099121
2000,10000,1.4415,0.05495142936706543
2000,10000,1.49325,0.0553288459777832
2000,10000,1.5135,0.05644416809082031
2000,10000,1.50375,0.05552530288696289
2000,10000,1.48875,0.05560135841369629
2000,10000,1.46775,0.054703474044799805
2000,10000,1.49175,0.05544471740722656
2000,10000,1.578,0.057247161865234375
2000,10000,1.47375,0.05507349967956543
2000,10000,1.51725,0.0558927059173584
2000,10000,1.52775,0.05607151985168457
2000,10000,1.476,0.05512738227844238
2000,10000,1.48425,0.05518913269042969
2000,10000,1.527,0.05657315254211426
2000,10000,1.554,0.057036638259887695
2000,10000,1.5285,0.056771278381347656
2000,10000,1.47975,0.05539202690124512
2000,10000,1.44075,0.05425524711608887
2000,10000,1.527,0.056664228439331055
2000,10000,1.48575,0.055530548095703125
2000,10000,1.4925,0.055939435958862305
2000,10000,1.54275,0.05673098564147949
2000,10000,1.4865,0.05645179748535156
2000,10000,1.47975,0.056826114654541016
2000,10000,1.49475,0.05669879913330078
2000,10000,1.55325,0.057274580001831055
2000,10000,1.50975,0.055986881256103516
2000,10000,1.4655,0.05538606643676758
2000,10000,1.53375,0.05644822120666504
2000,10000,1.46475,0.055092573165893555
2000,10000,1.52325,0.056060075759887695
2000,10000,1.47825,0.05559968948364258
2000,10000,1.521,0.05648326873779297
2000,10000,1.46925,0.054770469665527344
2000,10000,1.49775,0.05549168586730957
2000,10000,1.5165,0.055823564529418945
2000,10000,1.5285,0.056227684020996094
2000,10000,1.45275,0.05465984344482422
2000,10000,1.494,0.056108951568603516
2000,10000,1.49775,0.05627274513244629
2000,10000,1.485,0.05524039268493652
2000,10000,1.50075,0.05566096305847168
2000,10000,1.5285,0.05626559257507324
2000,10000,1.52175,0.05626797676086426
2000,10000,1.54575,0.056603431701660156
2000,10000,1.48575,0.05585622787475586
2000,10000,1.51575,0.0565798282623291
2000,10000,1.476,0.05530095100402832
2000,10000,1.58625,0.057273149490356445
2000,10000,1.52625,0.05637168884277344
2000,10000,1.524,0.0565333366394043
2000,10000,1.52175,0.056108713150024414
2000,10000,1.485,0.055136680603027344
2000,10000,1.54425,0.056385040283203125
2000,10000,1.4985,0.055644989013671875
2000,10000,1.55625,0.05653238296508789
2000,10000,1.49325,0.055451393127441406
2000,10000,1.506,0.05593585968017578
2000,10000,1.52325,0.05594444274902344
2000,10000,1.446,0.05438852310180664
2000,10000,1.53225,0.05615067481994629
2000,10000,1.5405,0.05643105506896973
2000,10000,1.50525,0.05577540397644043
2000,10000,1.53,0.05622458457946777
2000,10000,1.49025,0.05568838119506836
2000,10000,1.524,0.056082963943481445
2000,10000,1.527,0.056295156478881836
2000,10000,1.47225,0.054898738861083984
2000,10000,1.491,0.0561060905456543
2000,10000,1.48725,0.0557401180267334
2000,10000,1.49775,0.05657958984375
2000,10000,1.452,0.055597543716430664
2000,10000,1.5525,0.057956695556640625
2000,10000,1.52475,0.057604312896728516
2000,10000,1.5315,0.05754709243774414
2000,10000,1.509,0.056888580322265625
2000,10000,1.52775,0.05720925331115723
2000,10000,1.53675,0.05644798278808594
2000,10000,1.46925,0.05492591857910156
2000,10000,1.58325,0.057402610778808594
2000,10000,1.503,0.0558011531829834
2000,10000,1.497,0.055658578872680664
2000,10000,1.50225,0.05631542205810547
2000,10000,1.506,0.05560731887817383
2000,10000,1.50975,0.055872201919555664
2000,10000,1.47,0.054761409759521484
2000,10000,1.53,0.05629253387451172
2000,10000,1.479,0.0550389289855957
2000,10000,1.548,0.05677628517150879
2000,10000,1.50525,0.05549979209899902
2000,10000,1.49925,0.05615592002868652
2000,10000,1.53825,0.0578157901763916
2000,10000,1.49325,0.056513071060180664
2000,10000,1.49925,0.05666327476501465
2000,10000,1.4895,0.05596923828125
2000,10000,1.4865,0.05648183822631836
2000,10000,1.52475,0.05728483200073242
2000,10000,1.5195,0.05661129951477051
2000,10000,1.4895,0.056207895278930664
2000,10000,1.55775,0.058180809020996094
2000,10000,1.4925,0.0641329288482666
2000,10000,1.55175,0.05744171142578125
2000,10000,1.53525,0.05765271186828613
2000,10000,1.491,0.056611061096191406
2000,10000,1.5195,0.05704998970031738
2000,10000,1.48875,0.055330514907836914
2000,10000,1.50825,0.05602455139160156
2000,10000,1.479,0.055176734924316406
2000,10000,1.49625,0.05587339401245117
2000,10000,1.539,0.05681800842285156
2000,10000,1.512,0.05637001991271973
2000,10000,1.46625,0.054933786392211914
2000,10000,1.49175,0.055899620056152344
2000,10000,1.50975,0.05614733695983887
2000,10000,1.46925,0.05502963066101074
2000,10000,1.4835,0.055274009704589844
2000,10000,1.44975,0.054604530334472656
2000,10000,1.52175,0.05599260330200195
2000,10000,1.494,0.056017160415649414
2000,10000,1.41675,0.053618431091308594
2000,10000,1.518,0.05603194236755371
2000,10000,1.48125,0.05521368980407715
2000,10000,1.4985,0.05573701858520508
2000,10000,1.476,0.05504131317138672
2000,10000,1.51275,0.05594491958618164
2000,10000,1.5465,0.05670809745788574
2000,10000,1.485,0.055470943450927734
2000,10000,1.51425,0.05621027946472168
2000,10000,1.5105,0.055794715881347656
2000,10000,1.52775,0.05617070198059082
2000,10000,1.53,0.05615568161010742
2000,10000,1.52925,0.056301116943359375
2000,10000,1.49925,0.05543971061706543
2000,10000,1.4865,0.055138349533081055
2000,10000,1.51575,0.05590939521789551
2000,10000,1.458,0.05466651916503906
2000,10000,1.55325,0.05694460868835449
2000,10000,1.53525,0.05624651908874512
2000,10000,1.506,0.055666446685791016
2000,10000,1.545,0.05666232109069824
2000,10000,1.49925,0.055670976638793945
2000,10000,1.50825,0.0563969612121582
2000,10000,1.4835,0.05518484115600586
2000,10000,1.52175,0.05605673789978027
2000,10000,1.5,0.0555119514465332
2000,10000,1.5045,0.05661439895629883
2000,10000,1.49175,0.05635237693786621
2000,10000,1.47525,0.05547738075256348
2000,10000,1.464,0.05549764633178711
2000,10000,1.5555,0.05695843696594238
2000,10000,1.4835,0.05553603172302246
2000,10000,1.52625,0.05635547637939453
2000,10000,1.5045,0.05637764930725098
2000,10000,1.48425,0.05555844306945801
2000,10000,1.572,0.05720973014831543
2000,10000,1.52025,0.05602002143859863
2000,10000,1.4535,0.05446171760559082
2000,10000,1.49625,0.055528879165649414
2000,10000,1.4745,0.055211544036865234
2000,10000,1.51425,0.05592679977416992
2000,10000,1.521,0.055962324142456055
2000,10000,1.4775,0.05507326126098633
2000,10000,1.572,0.058086395263671875
2000,10000,1.53675,0.05674552917480469
2000,10000,1.4985,0.056366920471191406
2000,10000,1.53675,0.05632376670837402
2000,10000,1.485,0.0553281307220459
2000,10000,1.473,0.055133819580078125
2000,10000,1.49925,0.0556178092956543
2000,10000,1.5165,0.055802345275878906
2000,10000,1.45875,0.055272579193115234
2000,10000,1.425,0.0542299747467041
2000,10000,1.485,0.0552065372467041
2000,10000,1.57275,0.05698752403259277
2000,10000,1.51125,0.055639028549194336
2000,10000,1.49325,0.05518531799316406
2000,10000,1.52625,0.05615496635437012
2000,10000,1.49925,0.055356740951538086
2000,10000,1.5225,0.05615091323852539
2000,10000,1.55775,0.05662846565246582
2000,10000,1.51725,0.056345462799072266
2000,10000,1.49625,0.05576038360595703
2000,10000,1.47825,0.055336952209472656
2000,10000,1.5075,0.05565047264099121
2000,10000,1.509,0.0558013916015625
2000,10000,1.5105,0.05586981773376465
2000,10000,1.536,0.056508541107177734
2000,10000,1.4955,0.0555570125579834
2000,10000,1.5075,0.056314945220947266
2000,10000,1.49475,0.05591893196105957
2000,10000,1.45725,0.054563283920288086
2000,10000,1.53225,0.05631232261657715
2000,10000,1.5585,0.05686759948730469
2000,10000,1.533,0.05618596076965332
2000,10000,1.5075,0.05580925941467285
2000,10000,1.55025,0.05670356750488281
2000,10000,1.53675,0.056198835372924805
2000,10000,1.494,0.0554201602935791
2000,10000,1.47075,0.05552554130554199
2000,10000,1.566,0.05702710151672363
2000,10000,1.4985,0.05603456497192383
2000,10000,1.554,0.056687355041503906
2000,10000,1.47975,0.05567598342895508
2000,10000,1.482,0.05510854721069336
2000,10000,1.488,0.055533409118652344
2000,10000,1.4835,0.055408477783203125
2000,10000,1.52775,0.05658555030822754
2000,10000,1.45425,0.054969072341918945
2000,10000,1.4925,0.05541849136352539
2000,10000,1.48125,0.05512857437133789
2000,10000,1.47975,0.055260658264160156
2000,10000,1.482,0.055295705795288086
2000,10000,1.56675,0.05706310272216797
2000,10000,1.55325,0.05713200569152832
2000,10000,1.4745,0.055466413497924805
2000,10000,1.55175,0.05670952796936035
2000,10000,1.50525,0.05601143836975098
2000,10000,1.52625,0.056215524673461914
2000,10000,1.51725,0.05600762367248535
2000,10000,1.53825,0.056308746337890625
2000,10000,1.52625,0.056107521057128906
2000,10000,1.5165,0.05637621879577637
2000,10000,1.56,0.056937217712402344
2000,10000,1.4925,0.05538058280944824
2000,10000,1.53075,0.05633044242858887
2000,10000,1.54125,0.05692100524902344
2000,10000,1.51275,0.056206464767456055
2000,10000,1.554,0.05680656433105469
2000,10000,1.52625,0.056097984313964844
2000,10000,1.48425,0.055037498474121094
2000,10000,1.461,0.05504894256591797
2000,10000,1.51125,0.05647611618041992
2000,10000,1.48875,0.05582880973815918
2000,10000,1.52325,0.05629777908325195
2000,10000,1.48875,0.056046247482299805
2000,10000,1.539,0.056195735931396484
2000,10000,1.50675,0.05583333969116211
2000,10000,1.48125,0.055030107498168945
2000,10000,1.503,0.05557084083557129
2000,10000,1.557,0.05673837661743164
2000,10000,1.52325,0.05632472038269043
2000,10000,1.521,0.05598926544189453
2000,10000,1.5195,0.05623340606689453
2000,10000,1.50525,0.05583977699279785
2000,10000,1.53075,0.05608320236206055
2000,10000,1.50225,0.05569195747375488
2000,10000,1.476,0.055403947830200195
2000,10000,1.51725,0.05670046806335449
2000,10000,1.548,0.05723118782043457
2000,10000,1.51725,0.05610084533691406
2000,10000,1.47825,0.0564424991607666
2000,10000,1.49325,0.05664825439453125
2000,10000,1.5165,0.05733895301818848
2000,10000,1.50375,0.05638718605041504
2000,10000,1.47,0.055405616760253906
2000,10000,1.49175,0.055777788162231445
2000,10000,1.52475,0.05686235427856445
2000,10000,1.485,0.056227684020996094
2000,10000,1.506,0.05624842643737793
2000,10000,1.54125,0.0574953556060791
2000,10000,1.5825,0.05852460861206055
2000,10000,1.5195,0.056793212890625
2000,10000,1.5375,0.057747840881347656
2000,10000,1.497,0.05628848075866699
2000,10000,1.47975,0.055941104888916016
2000,10000,1.5045,0.05728268623352051
2000,10000,1.50075,0.05711030960083008
2000,10000,1.42125,0.05463385581970215
2000,10000,1.49625,0.055641889572143555
2000,10000,1.512,0.056409358978271484
2000,10000,1.476,0.05553555488586426
2000,10000,1.497,0.056064605712890625
2000,10000,1.53675,0.05764579772949219
2000,10000,1.49025,0.05617117881774902
2000,10000,1.509,0.05661773681640625
2000,10000,1.53225,0.057071685791015625
2000,10000,1.51275,0.05696392059326172
2000,10000,1.53,0.05690717697143555
2000,10000,1.458,0.05588126182556152
2000,10000,1.5435,0.0574038028717041
2000,10000,1.554,0.05832195281982422
2000,10000,1.52475,0.0565645694732666
2000,10000,1.48875,0.05587172508239746
2000,10000,1.5165,0.05608010292053223
2000,10000,1.476,0.05682730674743652
2000,10000,1.52925,0.05742239952087402
2000,10000,1.5015,0.057053565979003906
2000,10000,1.50825,0.05708193778991699
2000,10000,1.512,0.05697345733642578
2000,10000,1.54575,0.05783677101135254
2000,10000,1.52025,0.056662559509277344
2000,10000,1.5195,0.05713629722595215
2000,10000,1.50675,0.05720210075378418
2000,10000,1.47675,0.05642819404602051
2000,10000,1.49775,0.057123422622680664
2000,10000,1.518,0.057940006256103516
2000,10000,1.515,0.057431697845458984
2000,10000,1.51275,0.056546688079833984
2000,10000,1.5615,0.058470964431762695
2000,10000,1.54425,0.05814552307128906
2000,10000,1.5255,0.057472944259643555
2000,10000,1.49625,0.056864023208618164
2000,10000,1.524,0.05639982223510742
2000,10000,1.50675,0.05577445030212402
2000,10000,1.48875,0.05564522743225098
2000,10000,1.5525,0.05741071701049805
2000,10000,1.53,0.05646944046020508
2000,10000,1.47675,0.05516195297241211
2000,10000,1.52175,0.05630826950073242
2000,10000,1.51125,0.055608272552490234
2000,10000,1.46475,0.054970502853393555
2000,10000,1.48725,0.055382490158081055
2000,10000,1.554,0.05691671371459961
2000,10000,1.491,0.05626511573791504
2000,10000,1.4985,0.056972503662109375
2000,10000,1.49475,0.0566253662109375
2000,10000,1.53225,0.05711627006530762
2000,10000,1.5,0.0567169189453125
2000,10000,1.4655,0.05621027946472168
2000,10000,1.53975,0.057312726974487305
2000,10000,1.425,0.054590463638305664
2000,10000,1.51875,0.057425498962402344
2000,10000,1.5435,0.05724334716796875
2000,10000,1.5555,0.056752920150756836
2000,10000,1.5195,0.05582690238952637
2000,10000,1.5285,0.05604887008666992
2000,10000,1.5,0.05577588081359863
2000,10000,1.54125,0.05687260627746582
2000,10000,1.533,0.05629277229309082
2000,10000,1.518,0.05615520477294922
2000,10000,1.5045,0.05572152137756348
2000,10000,1.51725,0.058585405349731445
2000,10000,1.5315,0.05840611457824707
2000,10000,1.51725,0.05733776092529297
2000,10000,1.503,0.057074785232543945
2000,10000,1.55175,0.057564496994018555
2000,10000,1.53225,0.056171417236328125
2000,10000,1.464,0.054782867431640625
2000,10000,1.4655,0.05521750450134277
2000,10000,1.509,0.05580329895019531
2000,10000,1.485,0.05645895004272461
2000,10000,1.53975,0.05794858932495117
2000,10000,1.5225,0.05749869346618652
2000,10000,1.476,0.0564723014831543
2000,10000,1.44825,0.056064605712890625
2000,10000,1.527,0.057402849197387695
2000,10000,1.4925,0.05672574043273926
2000,10000,1.5405,0.05795645713806152
2000,10000,1.545,0.056858062744140625
2000,10000,1.47675,0.055901288986206055
2000,10000,1.54425,0.05658698081970215
2000,10000,1.45875,0.05452752113342285
2000,10000,1.52775,0.05616950988769531
2000,10000,1.51125,0.05590629577636719
2000,10000,1.5225,0.05684471130371094
2000,10000,1.49625,0.05647468566894531
2000,10000,1.4595,0.055947303771972656
2000,10000,1.50525,0.05693459510803223
2000,10000,1.52025,0.0572962760925293
2000,10000,1.56825,0.05823254585266113
2000,10000,1.4745,0.0555269718170166
2000,10000,1.4835,0.055158138275146484
2000,10000,1.55025,0.05667853355407715
2000,10000,1.55775,0.05682206153869629
2000,10000,1.4775,0.054965972900390625
2000,10000,1.536,0.0565030574798584
2000,10000,1.464,0.0552825927734375
2000,10000,1.50825,0.05592846870422363
2000,10000,1.52925,0.05624032020568848
2000,10000,1.5225,0.056404829025268555
2000,10000,1.53075,0.05619525909423828
2000,10000,1.4805,0.055177927017211914
2000,10000,1.48875,0.05522871017456055
2000,10000,1.53525,0.05625486373901367
2000,10000,1.53825,0.05653071403503418
2000,10000,1.53225,0.056589603424072266
2000,10000,1.49775,0.05562996864318848
2000,10000,1.50375,0.05563998222351074
2000,10000,1.5495,0.05671548843383789
2000,10000,1.49925,0.05610537528991699
2000,10000,1.52925,0.05641651153564453
2000,10000,1.53675,0.056437015533447266
2000,10000,1.533,0.05637192726135254
2000,10000,1.50375,0.0557713508605957
2000,10000,1.53525,0.05683779716491699
2000,10000,1.4745,0.05526137351989746
2000,10000,1.527,0.05643725395202637
2000,10000,1.4775,0.055503129959106445
2000,10000,1.47375,0.05557107925415039
2000,10000,1.4775,0.05546879768371582
2000,10000,1.464,0.05555558204650879
2000,10000,1.5585,0.058477163314819336
2000,10000,1.4925,0.05723214149475098
2000,10000,1.47375,0.05695939064025879
2000,10000,1.51875,0.057270050048828125
2000,10000,1.4625,0.055928707122802734
2000,10000,1.47375,0.05502676963806152
2000,10000,1.488,0.055324554443359375
2000,10000,1.4895,0.05553746223449707
2000,10000,1.52025,0.057702064514160156
2000,10000,1.50075,0.05665755271911621
2000,10000,1.536,0.05764961242675781
2000,10000,1.518,0.05721616744995117
2000,10000,1.47975,0.05628466606140137
2000,10000,1.527,0.057219505310058594
2000,10000,1.49625,0.056387901306152344
2000,10000,1.542,0.056719303131103516
2000,10000,1.54275,0.05684542655944824
2000,10000,1.4715,0.05498218536376953
2000,10000,1.53525,0.05612659454345703
2000,10000,1.5255,0.05638003349304199
2000,10000,1.53975,0.056656837463378906
2000,10000,1.4775,0.05498456954956055
2000,10000,1.46175,0.05466270446777344
2000,10000,1.5225,0.05609130859375
2000,10000,1.5165,0.05594778060913086
2000,10000,1.48275,0.055164337158203125
2000,10000,1.48125,0.0557866096496582
2000,10000,1.488,0.05530381202697754
2000,10000,1.51425,0.055861473083496094
2000,10000,1.46775,0.0553896427154541
2000,10000,1.5465,0.0564265251159668
2000,10000,1.47525,0.0553128719329834
2000,10000,1.5135,0.055646419525146484
2000,10000,1.53375,0.056267738342285156
2000,10000,1.50225,0.05568957328796387
2000,10000,1.5525,0.05714106559753418
2000,10000,1.5375,0.05691671371459961
2000,10000,1.539,0.057117462158203125
2000,10000,1.4625,0.055069684982299805
2000,10000,1.52175,0.056673288345336914
2000,10000,1.49775,0.0557100772857666
2000,10000,1.518,0.055699825286865234
2000,10000,1.51875,0.05586409568786621
2000,10000,1.50825,0.05582547187805176
2000,10000,1.53975,0.056488752365112305
2000,10000,1.53825,0.05672717094421387
2000,10000,1.52775,0.05618929862976074
2000,10000,1.51725,0.05639457702636719
2000,10000,1.53825,0.05635237693786621
2000,10000,1.51875,0.05623221397399902
2000,10000,1.5075,0.0556788444519043
2000,10000,1.50825,0.05591893196105957
2000,10000,1.54125,0.0567014217376709
2000,10000,1.575,0.05698657035827637
2000,10000,1.4925,0.0553278923034668
2000,10000,1.5435,0.05652046203613281
2000,10000,1.4955,0.05568242073059082
2000,10000,1.47225,0.054781198501586914
2000,10000,1.52775,0.05643796920776367
2000,10000,1.494,0.05553317070007324
2000,10000,1.5165,0.055985212326049805
2000,10000,1.5315,0.05640006065368652
2000,10000,1.52625,0.05625104904174805
2000,10000,1.4595,0.05648183822631836
2000,10000,1.50375,0.05643868446350098
2000,10000,1.5405,0.0576629638671875
2000,10000,1.51425,0.057306528091430664
2000,10000,1.50525,0.05698084831237793
2000,10000,1.4985,0.05664372444152832
2000,10000,1.53,0.0562586784362793
2000,10000,1.52475,0.05602860450744629
2000,10000,1.48875,0.05541658401489258
2000,10000,1.5045,0.055631399154663086
2000,10000,1.50825,0.05606842041015625
2000,10000,1.5285,0.05616283416748047
2000,10000,1.491,0.05548834800720215
2000,10000,1.52625,0.05623602867126465
2000,10000,1.56675,0.056777238845825195
2000,10000,1.52025,0.05598855018615723
2000,10000,1.47375,0.0552518367767334
2000,10000,1.50375,0.05591320991516113
2000,10000,1.52775,0.05610179901123047
2000,10000,1.4685,0.055243492126464844
2000,10000,1.53375,0.05640077590942383
2000,10000,1.52175,0.05587434768676758
2000,10000,1.518,0.05633378028869629
2000,10000,1.54575,0.05645322799682617
2000,10000,1.48725,0.05540585517883301
2000,10000,1.527,0.056111812591552734
2000,10000,1.4745,0.055348873138427734
2000,10000,1.491,0.055341482162475586
2000,10000,1.518,0.05645298957824707
2000,10000,1.52325,0.056176185607910156
2000,10000,1.56975,0.057254791259765625
2000,10000,1.527,0.05656862258911133
2000,10000,1.521,0.056008100509643555
2000,10000,1.45125,0.05454277992248535
2000,10000,1.51575,0.05616164207458496
2000,10000,1.515,0.055649757385253906
2000,10000,1.55025,0.05687999725341797
2000,10000,1.566,0.05725836753845215
2000,10000,1.506,0.05552029609680176
2000,10000,1.56975,0.05720090866088867
2000,10000,1.5165,0.05600118637084961
2000,10000,1.55175,0.05684065818786621
2000,10000,1.5585,0.05699872970581055
2000,10000,1.4835,0.05624032020568848
2000,10000,1.45275,0.05457806587219238
2000,10000,1.5345,0.05631899833679199
2000,10000,1.5345,0.05656003952026367
2000,10000,1.49325,0.055364370346069336
2000,10000,1.48725,0.055403709411621094
2000,10000,1.55025,0.05664539337158203
2000,10000,1.5105,0.05572175979614258
2000,10000,1.50525,0.055567264556884766
2000,10000,1.47075,0.05511188507080078
2000,10000,1.4685,0.05492377281188965
2000,10000,1.47,0.05472970008850098
2000,10000,1.53375,0.05645418167114258
2000,10000,1.479,0.05511665344238281
2000,10000,1.5,0.05543208122253418
2000,10000,1.54125,0.056433677673339844
2000,10000,1.494,0.05547308921813965
2000,10000,1.48275,0.05520272254943848
2000,10000,1.512,0.05580639839172363
2000,10000,1.4655,0.055489540100097656
2000,10000,1.47075,0.0562281608581543
2000,10000,1.5,0.05624747276306152
2000,10000,1.53975,0.05710339546203613
2000,10000,1.5405,0.0572049617767334
2000,10000,1.5555,0.05729842185974121
2000,10000,1.4955,0.0565946102142334
2000,10000,1.521,0.05687594413757324
2000,10000,1.49325,0.056035518646240234
2000,10000,1.4985,0.056201934814453125
2000,10000,1.54575,0.0589749813079834
2000,10000,1.4835,0.05618023872375488
2000,10000,1.51725,0.0571589469909668
2000,10000,1.476,0.055640220642089844
2000,10000,1.51125,0.05696463584899902
2000,10000,1.5105,0.05755949020385742
2000,10000,1.52775,0.05631732940673828
2000,10000,1.4865,0.055304765701293945
2000,10000,1.48725,0.05518388748168945
2000,10000,1.4685,0.05507779121398926
2000,10000,1.48725,0.055710554122924805
2000,10000,1.48725,0.05532479286193848
2000,10000,1.50525,0.055728912353515625
2000,10000,1.50825,0.056044578552246094
2000,10000,1.54275,0.0565180778503418
2000,10000,1.50825,0.05576801300048828
2000,10000,1.50525,0.0557408332824707
2000,10000,1.5255,0.0561065673828125
2000,10000,1.52925,0.05660700798034668
2000,10000,1.46925,0.05497002601623535
2000,10000,1.482,0.05552220344543457
2000,10000,1.5375,0.05628371238708496
2000,10000,1.50375,0.05554032325744629
2000,10000,1.527,0.05638003349304199
2000,10000,1.50675,0.05555915832519531
2000,10000,1.524,0.055974483489990234
2000,10000,1.50825,0.05556178092956543
2000,10000,1.51875,0.05608010292053223
2000,10000,1.5795,0.05745434761047363
2000,10000,1.5285,0.05623483657836914
2000,10000,1.521,0.0560307502746582
2000,10000,1.512,0.056032657623291016
2000,10000,1.5315,0.05674552917480469
2000,10000,1.48275,0.055325984954833984
2000,10000,1.509,0.05604887008666992
2000,10000,1.53975,0.05642294883728027
2000,10000,1.47975,0.05549931526184082
2000,10000,1.48125,0.05528593063354492
2000,10000,1.5225,0.05683255195617676
2000,10000,1.49775,0.05546855926513672
2000,10000,1.437,0.05417776107788086
2000,10000,1.54425,0.05627131462097168
2000,10000,1.5225,0.055884361267089844
2000,10000,1.503,0.05572366714477539
2000,10000,1.5015,0.05539965629577637
2000,10000,1.52625,0.05643010139465332
2000,10000,1.545,0.05756115913391113
2000,10000,1.521,0.05605006217956543
2000,10000,1.52625,0.056070566177368164
2000,10000,1.4475,0.05494379997253418
2000,10000,1.5165,0.05598139762878418
2000,10000,1.47675,0.05520367622375488
2000,10000,1.458,0.054854631423950195
2000,10000,1.52475,0.05615687370300293
2000,10000,1.545,0.05670928955078125
2000,10000,1.464,0.055199623107910156
2000,10000,1.53675,0.05684494972229004
2000,10000,1.49475,0.055640220642089844
2000,10000,1.48725,0.055298805236816406
2000,10000,1.464,0.05486583709716797
2000,10000,1.50675,0.055823326110839844
2000,10000,1.485,0.055262088775634766
2000,10000,1.52775,0.05600166320800781
2000,10000,1.54425,0.05669403076171875
2000,10000,1.52475,0.05621528625488281
2000,10000,1.48725,0.055212974548339844
2000,10000,1.51425,0.05600237846374512
2000,10000,1.509,0.05577802658081055
2000,10000,1.49775,0.05558419227600098
2000,10000,1.49775,0.05540633201599121
2000,10000,1.52475,0.056253910064697266
2000,10000,1.56075,0.056865692138671875
2000,10000,1.4595,0.05491924285888672
2000,10000,1.44,0.05416727066040039
2000,10000,1.52475,0.05623745918273926
2000,10000,1.533,0.05630898475646973
2000,10000,1.488,0.055689096450805664
2000,10000,1.4625,0.054772138595581055
2000,10000,1.53525,0.05672764778137207
2000,10000,1.5135,0.05581831932067871
2000,10000,1.45275,0.05482316017150879
2000,10000,1.497,0.0557856559753418
2000,10000,1.5105,0.05584263801574707
2000,10000,1.4985,0.05544543266296387
2000,10000,1.551,0.05676722526550293
2000,10000,1.53075,0.056179046630859375
2000,10000,1.5825,0.05720829963684082
2000,10000,1.47825,0.05536603927612305
2000,10000,1.5345,0.05663466453552246
2000,10000,1.539,0.056420087814331055
2000,10000,1.51125,0.05599689483642578
2000,10000,1.4955,0.055345773696899414
2000,10000,1.49175,0.05546259880065918
2000,10000,1.515,0.05564737319946289
2000,10000,1.49625,0.0557408332824707
2000,10000,1.5735,0.05731916427612305
2000,10000,1.539,0.056684017181396484
2000,10000,1.50075,0.05557131767272949
2000,10000,1.4685,0.05513429641723633
2000,10000,1.51725,0.055963993072509766
2000,10000,1.4775,0.0551149845123291
2000,10000,1.49175,0.05522751808166504
2000,10000,1.5615,0.05711102485656738
2000,10000,1.50075,0.0555720329284668
2000,10000,1.44375,0.05426764488220215
2000,10000,1.48425,0.05513334274291992
2000,10000,1.49475,0.055565595626831055
2000,10000,1.5135,0.055974483489990234
2000,10000,1.4985,0.05591106414794922
2000,10000,1.45125,0.05441784858703613
2000,10000,1.52325,0.05623936653137207
2000,10000,1.494,0.05560803413391113
2000,10000,1.5045,0.055895328521728516
2000,10000,1.4655,0.05470895767211914
2000,10000,1.545,0.056543827056884766
2000,10000,1.49775,0.05578804016113281
2000,10000,1.467,0.05528569221496582
2000,10000,1.485,0.0553739070892334
2000,10000,1.5015,0.05565977096557617
2000,10000,1.53975,0.056433916091918945
2000,10000,1.533,0.057169198989868164
2000,10000,1.488,0.05552840232849121
2000,10000,1.50975,0.055716514587402344
2000,10000,1.52325,0.05644059181213379
2000,10000,1.5045,0.055878400802612305
2000,10000,1.52025,0.056099653244018555
2000,10000,1.53975,0.05662655830383301
2000,10000,1.5075,0.0558474063873291
2000,10000,1.482,0.0554351806640625
2000,10000,1.52475,0.05639147758483887
2000,10000,1.50825,0.05590462684631348
2000,10000,1.5,0.05566883087158203
2000,10000,1.569,0.057184696197509766
2000,10000,1.485,0.055217742919921875
2000,10000,1.50225,0.05582880973815918
2000,10000,1.4835,0.055410146713256836
2000,10000,1.52625,0.05689048767089844
2000,10000,1.51425,0.05591750144958496
2000,10000,1.5255,0.05608797073364258
2000,10000,1.50975,0.055809974670410156
2000,10000,1.503,0.05581974983215332
2000,10000,1.48125,0.055471181869506836
2000,10000,1.52475,0.05638241767883301
2000,10000,1.5165,0.056047677993774414
2000,10000,1.509,0.05606389045715332
2000,10000,1.5795,0.057411909103393555
2000,10000,1.50075,0.0558774471282959
2000,10000,1.5285,0.05674171447753906
2000,10000,1.473,0.05555105209350586
2000,10000,1.50975,0.05579400062561035
2000,10000,1.49625,0.05564713478088379
2000,10000,1.53225,0.05636477470397949
2000,10000,1.51575,0.05637168884277344
2000,10000,1.52925,0.0569758415222168
2000,10000,1.5015,0.056171417236328125
2000,10000,1.4775,0.055748701095581055
2000,10000,1.52325,0.056893110275268555
2000,10000,1.51575,0.05691838264465332
2000,10000,1.5255,0.05658364295959473
2000,10000,1.548,0.057265281677246094
2000,10000,1.4955,0.055777549743652344
2000,10000,1.5045,0.05616950988769531
2000,10000,1.4535,0.05455422401428223
2000,10000,1.52475,0.05608725547790527
2000,10000,1.5255,0.05621051788330078
2000,10000,1.53225,0.05622386932373047
2000,10000,1.51275,0.05603671073913574
2000,10000,1.50225,0.05555391311645508
2000,10000,1.49025,0.05547523498535156
2000,10000,1.47975,0.055823564529418945
2000,10000,1.497,0.05725383758544922
2000,10000,1.49475,0.05707120895385742
2000,10000,1.50075,0.05693364143371582
2000,10000,1.485,0.05548357963562012
2000,10000,1.4715,0.05510354042053223
2000,10000,1.55625,0.05690455436706543
2000,10000,1.49925,0.05553555488586426
2000,10000,1.524,0.05623435974121094
2000,10000,1.524,0.05624699592590332
2000,10000,1.482,0.05551600456237793
2000,10000,1.52025,0.05614471435546875
2000,10000,1.52175,0.05597543716430664
2000,10000,1.51125,0.05590510368347168
2000,10000,1.4685,0.05476498603820801
2000,10000,1.515,0.05607414245605469
2000,10000,1.548,0.05654168128967285
2000,10000,1.542,0.05666017532348633
2000,10000,1.53,0.056250572204589844
2000,10000,1.50375,0.05612015724182129
2000,10000,1.53375,0.05626964569091797
2000,10000,1.536,0.05642247200012207
2000,10000,1.51425,0.05598306655883789
2000,10000,1.49475,0.055385589599609375
2000,10000,1.56675,0.05700397491455078
2000,10000,1.524,0.05627918243408203
2000,10000,1.479,0.05611419677734375
2000,10000,1.51125,0.05669045448303223
2000,10000,1.52325,0.05644559860229492
2000,10000,1.5675,0.05704665184020996
2000,10000,1.485,0.05500221252441406
2000,10000,1.49325,0.055449485778808594
2000,10000,1.51575,0.05587959289550781
2000,10000,1.53975,0.056638240814208984
2000,10000,1.5255,0.05604815483093262
2000,10000,1.5405,0.05651736259460449
2000,10000,1.5405,0.05656790733337402
2000,10000,1.50825,0.055968523025512695
2000,10000,1.48425,0.055344581604003906
2000,10000,1.46625,0.05498337745666504
2000,10000,1.48875,0.055391788482666016
2000,10000,1.497,0.05544900894165039
2000,10000,1.51125,0.05585479736328125
2000,10000,1.4745,0.05513262748718262
2000,10000,1.5255,0.05599403381347656
2000,10000,1.5135,0.0560605525970459
2000,10000,1.52625,0.056319236755371094
2000,10000,1.5435,0.056909799575805664
2000,10000,1.53,0.05632448196411133
2000,10000,1.4655,0.05548405647277832
2000,10000,1.52025,0.056427955627441406
2000,10000,1.51425,0.055960893630981445
2000,10000,1.4865,0.05569005012512207
2000,10000,1.50075,0.055744171142578125
2000,10000,1.49775,0.05590629577636719
2000,10000,1.48575,0.05552220344543457
2000,10000,1.47075,0.0561983585357666
2000,10000,1.539,0.057192325592041016
2000,10000,1.503,0.056926727294921875
2000,10000,1.51425,0.05621957778930664
2000,10000,1.452,0.054515838623046875
2000,10000,1.4655,0.05488109588623047
2000,10000,1.51425,0.05628371238708496
2000,10000,1.512,0.05612301826477051
2000,10000,1.5165,0.05606818199157715
2000,10000,1.52775,0.056269168853759766
2000,10000,1.497,0.05554842948913574
2000,10000,1.52175,0.05666708946228027
2000,10000,1.5795,0.058264970779418945
2000,10000,1.5375,0.05750584602355957
2000,10000,1.51275,0.0570070743560791
2000,10000,1.50225,0.05659008026123047
2000,10000,1.467,0.05515599250793457
2000,10000,1.49475,0.05571317672729492
2000,10000,1.51875,0.05638265609741211
2000,10000,1.5135,0.05618596076965332
2000,10000,1.51275,0.055832862854003906
2000,10000,1.554,0.056717872619628906
2000,10000,1.51725,0.05593514442443848
2000,10000,1.47975,0.05526161193847656
2000,10000,1.46775,0.054892539978027344
2000,10000,1.509,0.055921077728271484
2000,10000,1.51725,0.056241512298583984
2000,10000,1.45725,0.05494809150695801
2000,10000,1.47975,0.055086612701416016
2000,10000,1.48425,0.05526137351989746
2000,10000,1.50825,0.05578303337097168
2000,10000,1.48275,0.05542874336242676
2000,10000,1.5075,0.055974721908569336
2000,10000,1.482,0.05514860153198242
2000,10000,1.52475,0.0560450553894043
2000,10000,1.5165,0.0560450553894043
2000,10000,1.47525,0.055104732513427734
2000,10000,1.467,0.05531430244445801
2000,10000,1.50075,0.05554938316345215
2000,10000,1.4865,0.05524039268493652
2000,10000,1.45875,0.05454730987548828
2000,10000,1.5,0.0554194450378418
2000,10000,1.4955,0.05553483963012695
2000,10000,1.49325,0.056900739669799805
2000,10000,1.44075,0.05505704879760742
2000,10000,1.55325,0.05791735649108887
2000,10000,1.476,0.05527830123901367
2000,10000,1.49625,0.05552554130554199
2000,10000,1.488,0.05616450309753418
2000,10000,1.49175,0.05572366714477539
2000,10000,1.4865,0.05549144744873047
2000,10000,1.4355,0.05436587333679199
2000,10000,1.52925,0.05640125274658203
2000,10000,1.58325,0.057511091232299805
2000,10000,1.536,0.05645012855529785
2000,10000,1.5225,0.056012868881225586
2000,10000,1.5405,0.05622434616088867
2000,10000,1.48875,0.05532979965209961
2000,10000,1.5345,0.05646371841430664
2000,10000,1.50825,0.055817604064941406
2000,10000,1.49625,0.05555891990661621
2000,10000,1.49025,0.05680656433105469
2000,10000,1.48725,0.056441307067871094
2000,10000,1.479,0.0564885139465332
2000,10000,1.46475,0.05545759201049805
2000,10000,1.5405,0.057353973388671875
2000,10000,1.5345,0.05681252479553223
2000,10000,1.45725,0.05594611167907715
2000,10000,1.5225,0.05758500099182129
2000,10000,1.51875,0.05660223960876465
2000,10000,1.53375,0.057346343994140625
2000,10000,1.51575,0.0566558837890625
2000,10000,1.53675,0.05689191818237305
2000,10000,1.51125,0.05624842643737793
2000,10000,1.45725,0.05564737319946289
2000,10000,1.4775,0.05629873275756836
2000,10000,1.5255,0.05751800537109375
2000,10000,1.5105,0.0571134090423584
2000,10000,1.45725,0.05599808692932129
2000,10000,1.49775,0.05674290657043457
2000,10000,1.53075,0.057437896728515625
2000,10000,1.50075,0.05620932579040527
2000,10000,1.527,0.05748271942138672
2000,10000,1.53225,0.05789637565612793
2000,10000,1.497,0.0560610294342041
2000,10000,1.4865,0.056192636489868164
2000,10000,1.54725,0.05726170539855957
2000,10000,1.545,0.05752372741699219
2000,10000,1.53075,0.057747840881347656
2000,10000,1.49775,0.05681252479553223
2000,10000,1.5435,0.05712389945983887
2000,10000,1.47375,0.05620169639587402
2000,10000,1.5735,0.05786395072937012
2000,10000,1.5075,0.05620265007019043
2000,10000,1.527,0.056453704833984375
2000,10000,1.46775,0.055818796157836914
2000,10000,1.56675,0.05819296836853027
2000,10000,1.5135,0.05722761154174805
2000,10000,1.51725,0.057416677474975586
2000,10000,1.48875,0.05620741844177246
2000,10000,1.497,0.05619192123413086
2000,10000,1.4655,0.055576324462890625
2000,10000,1.50975,0.05656123161315918
2000,10000,1.5315,0.05803418159484863
2000,10000,1.5285,0.05699467658996582
2000,10000,1.512,0.057203054428100586
2000,10000,1.49625,0.056678056716918945
2000,10000,1.4745,0.05568504333496094
2000,10000,1.47,0.05602264404296875
2000,10000,1.51575,0.05672621726989746
2000,10000,1.5345,0.05735421180725098
2000,10000,1.50375,0.0566256046295166
2000,10000,1.503,0.0570988655090332
2000,10000,1.491,0.05573868751525879
2000,10000,1.476,0.05510091781616211
2000,10000,1.5195,0.05608510971069336
2000,10000,1.45425,0.05459880828857422
2000,10000,1.527,0.05644035339355469
2000,10000,1.4505,0.05602717399597168
2000,10000,1.5135,0.057654380798339844
2000,10000,1.4595,0.0558316707611084
2000,10000,1.52925,0.05811905860900879
2000,10000,1.464,0.055750370025634766
2000,10000,1.497,0.05689382553100586
2000,10000,1.51875,0.056075096130371094
2000,10000,1.4805,0.05519270896911621
2000,10000,1.4985,0.05702352523803711
2000,10000,1.4715,0.056310415267944336
2000,10000,1.51575,0.057776689529418945
2000,10000,1.53525,0.05747222900390625
2000,10000,1.49925,0.05703020095825195
2000,10000,1.55925,0.05816960334777832
2000,10000,1.5165,0.05668759346008301
2000,10000,1.54275,0.056496620178222656
2000,10000,1.5285,0.05622434616088867
2000,10000,1.506,0.056025028228759766
2000,10000,1.482,0.05547499656677246
2000,10000,1.503,0.05574178695678711
2000,10000,1.4715,0.054923057556152344
2000,10000,1.5315,0.05621457099914551
2000,10000,1.527,0.05734848976135254
2000,10000,1.52775,0.05717134475708008
2000,10000,1.50825,0.05701923370361328
2000,10000,1.51875,0.057317256927490234
2000,10000,1.4895,0.0565037727355957
2000,10000,1.515,0.057465314865112305
2000,10000,1.54875,0.05759859085083008
2000,10000,1.50075,0.05578899383544922
2000,10000,1.491,0.05543828010559082
2000,10000,1.467,0.05488014221191406
2000,10000,1.482,0.05528759956359863
2000,10000,1.47,0.055098533630371094
2000,10000,1.542,0.056336402893066406
2000,10000,1.482,0.05515170097351074
2000,10000,1.56075,0.05675506591796875
2000,10000,1.557,0.056738853454589844
2000,10000,1.42575,0.05386948585510254
2000,10000,1.5435,0.056470632553100586
2000,10000,1.554,0.05679512023925781
2000,10000,1.53225,0.05626344680786133
2000,10000,1.51275,0.05594658851623535
2000,10000,1.539,0.05664992332458496
2000,10000,1.509,0.05617952346801758
2000,10000,1.521,0.05606222152709961
2000,10000,1.5015,0.055611371994018555
2000,10000,1.5495,0.056665658950805664
2000,10000,1.503,0.055785417556762695
2000,10000,1.50675,0.05612921714782715
2000,10000,1.563,0.05711841583251953
2000,10000,1.479,0.0554966926574707
2000,10000,1.47525,0.05500078201293945
2000,10000,1.53525,0.05647015571594238
2000,10000,1.49925,0.05573868751525879
2000,10000,1.5675,0.056998491287231445
2000,10000,1.48725,0.05516242980957031
2000,10000,1.50675,0.05572104454040527
2000,10000,1.521,0.05707406997680664
2000,10000,1.4685,0.05628204345703125
2000,10000,1.4565,0.05607151985168457
2000,10000,1.4985,0.05765581130981445
2000,10000,1.46775,0.056272029876708984
2000,10000,1.527,0.05749106407165527
2000,10000,1.51425,0.05631566047668457
2000,10000,1.54125,0.05651593208312988
2000,10000,1.5195,0.056946516036987305
2000,10000,1.524,0.05754852294921875
2000,10000,1.57275,0.05858922004699707
2000,10000,1.491,0.05716443061828613
2000,10000,1.49775,0.05668306350708008
2000,10000,1.51575,0.05632662773132324
2000,10000,1.54875,0.056534528732299805
2000,10000,1.4685,0.055001258850097656
2000,10000,1.48725,0.05566239356994629
2000,10000,1.52175,0.05657601356506348
2000,10000,1.50675,0.05591726303100586
2000,10000,1.45575,0.05475449562072754
2000,10000,1.5315,0.056128501892089844
2000,10000,1.56975,0.05702996253967285
2000,10000,1.48575,0.05515909194946289
2000,10000,1.5315,0.05634307861328125
2000,10000,1.5,0.055567264556884766
2000,10000,1.50525,0.05568528175354004
2000,10000,1.50375,0.055773019790649414
2000,10000,1.50225,0.05645275115966797
2000,10000,1.5255,0.05634498596191406
2000,10000,1.479,0.05525374412536621
2000,10000,1.47825,0.05566883087158203
2000,10000,1.50975,0.055776119232177734
2000,10000,1.464,0.05514025688171387
2000,10000,1.49025,0.05552339553833008
2000,10000,1.53675,0.05724310874938965
2000,10000,1.536,0.05705904960632324
2000,10000,1.503,0.05567741394042969
2000,10000,1.506,0.057372093200683594
2000,10000,1.506,0.05670642852783203
2000,10000,1.5195,0.05725216865539551
2000,10000,1.52175,0.05641603469848633
2000,10000,1.533,0.05731558799743652
2000,10000,1.51425,0.057022809982299805
2000,10000,1.53375,0.056958913803100586
2000,10000,1.49025,0.056410789489746094
2000,10000,1.5435,0.058061838150024414
2000,10000,1.48875,0.056508779525756836
2000,10000,1.5,0.056379079818725586
2000,10000,1.4415,0.0552217960357666
2000,10000,1.521,0.05659794807434082
2000,10000,1.51425,0.05686211585998535
2000,10000,1.5045,0.05652904510498047
2000,10000,1.49925,0.05630326271057129
2000,10000,1.479,0.05628824234008789
2000,10000,1.48425,0.05657315254211426
2000,10000,1.4955,0.05671834945678711
2000,10000,1.55025,0.05806255340576172
2000,10000,1.581,0.05830097198486328
2000,10000,1.49775,0.05640459060668945
2000,10000,1.46025,0.05588364601135254
2000,10000,1.509,0.05724072456359863
2000,10000,1.5165,0.05705571174621582
2000,10000,1.4805,0.056242942810058594
2000,10000,1.5195,0.057231903076171875
2000,10000,1.50375,0.05692911148071289
2000,10000,1.49175,0.05706477165222168
2000,10000,1.503,0.05688738822937012
2000,10000,1.494,0.0566706657409668
2000,10000,1.48725,0.05675911903381348
2000,10000,1.51725,0.05713224411010742
2000,10000,1.563,0.058316707611083984
2000,10000,1.551,0.058042049407958984
2000,10000,1.485,0.05635476112365723
2000,10000,1.49775,0.05716347694396973
2000,10000,1.49775,0.05672097206115723
2000,10000,1.557,0.05759286880493164
2000,10000,1.5195,0.056854248046875
2000,10000,1.506,0.05631566047668457
2000,10000,1.5165,0.056624412536621094
2000,10000,1.50375,0.05710911750793457
2000,10000,1.482,0.056195974349975586
2000,10000,1.551,0.05711531639099121
2000,10000,1.51275,0.05687737464904785
2000,10000,1.51425,0.05733966827392578
2000,10000,1.5195,0.05727219581604004
2000,10000,1.5165,0.0571751594543457
2000,10000,1.5075,0.0565187931060791
2000,10000,1.476,0.0564723014831543
2000,10000,1.47225,0.05609416961669922
2000,10000,1.53,0.0577855110168457
2000,10000,1.482,0.056717872619628906
2000,10000,1.4835,0.056410789489746094
2000,10000,1.542,0.05734086036682129
2000,10000,1.521,0.056253671646118164
2000,10000,1.46175,0.0548856258392334
2000,10000,1.461,0.05483388900756836
2000,10000,1.5075,0.055654048919677734
2000,10000,1.53075,0.05614972114562988
2000,10000,1.4625,0.05491328239440918
2000,10000,1.52025,0.05598616600036621
2000,10000,1.50825,0.05587911605834961
2000,10000,1.4835,0.055399417877197266
2000,10000,1.53825,0.05655789375305176
2000,10000,1.5315,0.05675458908081055
2000,10000,1.52625,0.05640983581542969
2000,10000,1.5435,0.056482553482055664
2000,10000,1.49625,0.05571269989013672
2000,10000,1.50975,0.0560755729675293
2000,10000,1.57725,0.0573275089263916
2000,10000,1.4535,0.054834842681884766
2000,10000,1.5015,0.05607414245605469
2000,10000,1.53825,0.056539297103881836
2000,10000,1.503,0.055633544921875
2000,10000,1.47975,0.05513906478881836
2000,10000,1.51275,0.05592083930969238
2000,10000,1.434,0.05466628074645996
2000,10000,1.491,0.05542945861816406
2000,10000,1.4715,0.0549471378326416
2000,10000,1.50975,0.05580902099609375
2000,10000,1.4475,0.054770469665527344
2000,10000,1.51425,0.0556797981262207
2000,10000,1.48275,0.05495715141296387
2000,10000,1.5015,0.055525779724121094
2000,10000,1.5195,0.05640077590942383
2000,10000,1.52475,0.05641579627990723
2000,10000,1.545,0.05702853202819824
2000,10000,1.5045,0.05586838722229004
2000,10000,1.49025,0.05564379692077637
2000,10000,1.49925,0.0557408332824707
2000,10000,1.46775,0.05477786064147949
2000,10000,1.48575,0.05526375770568848
2000,10000,1.509,0.0559694766998291
2000,10000,1.52625,0.056939125061035156
2000,10000,1.4985,0.056165456771850586
2000,10000,1.503,0.05709099769592285
2000,10000,1.509,0.056662559509277344
2000,10000,1.5525,0.05667471885681152
2000,10000,1.476,0.05557966232299805
2000,10000,1.52025,0.05650019645690918
2000,10000,1.545,0.05693817138671875
2000,10000,1.4655,0.05485725402832031
2000,10000,1.48725,0.05585479736328125
2000,10000,1.51125,0.056508779525756836
2000,10000,1.5225,0.055983781814575195
2000,10000,1.5075,0.055651187896728516
2000,10000,1.494,0.05545997619628906
2000,10000,1.5705,0.05706524848937988
2000,10000,1.48275,0.05517244338989258
2000,10000,1.47825,0.05499672889709473
2000,10000,1.5345,0.05623316764831543
2000,10000,1.5195,0.05591869354248047
2000,10000,1.5345,0.05653786659240723
2000,10000,1.51725,0.05628061294555664
2000,10000,1.5135,0.05578041076660156
2000,10000,1.43925,0.05436873435974121
2000,10000,1.50675,0.05645394325256348
2000,10000,1.512,0.05583620071411133
2000,10000,1.59,0.057537078857421875
2000,10000,1.47225,0.0548555850982666
2000,10000,1.46325,0.05482959747314453
2000,10000,1.5195,0.0566408634185791
2000,10000,1.4625,0.054840087890625
2000,10000,1.5255,0.05593132972717285
2000,10000,1.51725,0.05592942237854004
2000,10000,1.5435,0.05737471580505371
2000,10000,1.49025,0.055643558502197266
2000,10000,1.55475,0.05704140663146973
2000,10000,1.50225,0.05566811561584473
2000,10000,1.50225,0.05541491508483887
2000,10000,1.4895,0.055655479431152344
2000,10000,1.4745,0.055524349212646484
2000,10000,1.512,0.05592823028564453
2000,10000,1.479,0.05523252487182617
2000,10000,1.443,0.05452394485473633
2000,10000,1.47375,0.054904937744140625
2000,10000,1.5765,0.05729198455810547
2000,10000,1.5525,0.05681633949279785
2000,10000,1.45575,0.05443429946899414
2000,10000,1.50375,0.05611443519592285
2000,10000,1.479,0.05534791946411133
2000,10000,1.46325,0.05468392372131348
2000,10000,1.521,0.05580902099609375
2000,10000,1.53525,0.05631875991821289
2000,10000,1.50225,0.05541515350341797
2000,10000,1.4745,0.0549168586730957
2000,10000,1.49775,0.05556917190551758
2000,10000,1.5165,0.056034088134765625
2000,10000,1.48425,0.055977582931518555
2000,10000,1.51575,0.05590248107910156
2000,10000,1.5285,0.05616402626037598
2000,10000,1.509,0.05573415756225586
2000,10000,1.46475,0.05509495735168457
2000,10000,1.5315,0.05646228790283203
2000,10000,1.53375,0.05615663528442383
2000,10000,1.44675,0.05453324317932129
2000,10000,1.48725,0.05525779724121094
2000,10000,1.49325,0.05598735809326172
2000,10000,1.4985,0.05566573143005371
2000,10000,1.53,0.05620765686035156
2000,10000,1.54125,0.05645465850830078
2000,10000,1.4595,0.05474233627319336
2000,10000,1.43325,0.05386161804199219
2000,10000,1.42875,0.05381631851196289
2000,10000,1.51725,0.05645394325256348
2000,10000,1.5045,0.055547237396240234
2000,10000,1.5075,0.05581068992614746
2000,10000,1.46625,0.05509018898010254
2000,10000,1.4955,0.05539226531982422
2000,10000,1.51875,0.05589556694030762
2000,10000,1.52625,0.05635261535644531
2000,10000,1.47825,0.055101633071899414
2000,10000,1.5075,0.05614590644836426
2000,10000,1.45875,0.054724931716918945
2000,10000,1.49175,0.05581927299499512
2000,10000,1.57125,0.05883932113647461
2000,10000,1.54275,0.05786705017089844
2000,10000,1.50225,0.056888580322265625
2000,10000,1.53075,0.057764291763305664
2000,10000,1.52175,0.057099342346191406
2000,10000,1.52925,0.05742073059082031
2000,10000,1.5405,0.0563511848449707
2000,10000,1.55025,0.05674099922180176
2000,10000,1.4985,0.05578732490539551
2000,10000,1.584,0.05738091468811035
2000,10000,1.50075,0.05563163757324219
2000,10000,1.50825,0.055725812911987305
2000,10000,1.521,0.05630326271057129
2000,10000,1.494,0.05573129653930664
2000,10000,1.49025,0.055251359939575195
2000,10000,1.452,0.05440044403076172
2000,10000,1.5015,0.05576610565185547
2000,10000,1.593,0.057729244232177734
2000,10000,1.49325,0.05549311637878418
2000,10000,1.48875,0.05594277381896973
2000,10000,1.53825,0.05625557899475098
2000,10000,1.5105,0.055985450744628906
2000,10000,1.54125,0.05693650245666504
2000,10000,1.55175,0.05661821365356445
2000,10000,1.49325,0.05533576011657715
2000,10000,1.5345,0.05683445930480957
2000,10000,1.5,0.05559492111206055
2000,10000,1.54875,0.05673646926879883
2000,10000,1.479,0.055114030838012695
2000,10000,1.5165,0.05592489242553711
2000,10000,1.53825,0.05641007423400879
2000,10000,1.52475,0.056093454360961914
2000,10000,1.4955,0.05575990676879883
2000,10000,1.52475,0.05615997314453125
2000,10000,1.51575,0.05601835250854492
2000,10000,1.5045,0.05554795265197754
2000,10000,1.49025,0.05549764633178711
2000,10000,1.50525,0.05581498146057129
2000,10000,1.47525,0.055509090423583984
2000,10000,1.46775,0.054994821548461914
2000,10000,1.4985,0.05540943145751953
2000,10000,1.47075,0.055922508239746094
2000,10000,1.4835,0.0552678108215332
2000,10000,1.50975,0.05585289001464844
2000,10000,1.539,0.056391239166259766
2000,10000,1.47975,0.055283546447753906
2000,10000,1.5795,0.05738019943237305
2000,10000,1.50825,0.05628490447998047
2000,10000,1.46175,0.0549778938293457
2000,10000,1.46775,0.05480337142944336
2000,10000,1.5375,0.056467533111572266
2000,10000,1.49175,0.055382728576660156
2000,10000,1.476,0.05517077445983887
2000,10000,1.4955,0.05615091323852539
2000,10000,1.491,0.05572390556335449
2000,10000,1.494,0.056009769439697266
2000,10000,1.554,0.05664205551147461
2000,10000,1.55475,0.056938886642456055
2000,10000,1.524,0.05620622634887695
2000,10000,1.5225,0.05592203140258789
2000,10000,1.54575,0.056643009185791016
2000,10000,1.473,0.05522513389587402
2000,10000,1.506,0.05575752258300781
2000,10000,1.50075,0.05547785758972168
2000,10000,1.494,0.055620670318603516
2000,10000,1.50375,0.05559682846069336
2000,10000,1.5375,0.056296348571777344
2000,10000,1.533,0.056372880935668945
2000,10000,1.5,0.05563712120056152
2000,10000,1.488,0.0553441047668457
2000,10000,1.52175,0.05600619316101074
2000,10000,1.485,0.05602550506591797
2000,10000,1.47675,0.056105613708496094
2000,10000,1.51425,0.056975603103637695
2000,10000,1.55775,0.05794811248779297
2000,10000,1.4865,0.05652022361755371
2000,10000,1.515,0.05742168426513672
2000,10000,1.47225,0.0553896427154541
2000,10000,1.539,0.05695676803588867
2000,10000,1.506,0.05565953254699707
2000,10000,1.506,0.055986881256103516
2000,10000,1.53675,0.056768178939819336
2000,10000,1.506,0.05596208572387695
2000,10000,1.53675,0.05646324157714844
2000,10000,1.5045,0.055823326110839844
2000,10000,1.491,0.055614471435546875
2000,10000,1.4895,0.055596113204956055
2000,10000,1.506,0.05645275115966797
2000,10000,1.52175,0.05639481544494629
2000,10000,1.46775,0.05542111396789551
2000,10000,1.49325,0.055872201919555664
2000,10000,1.4805,0.05519247055053711
2000,10000,1.524,0.05595207214355469
2000,10000,1.50225,0.05583786964416504
2000,10000,1.4625,0.05509138107299805
2000,10000,1.48875,0.05535125732421875
2000,10000,1.51125,0.0560610294342041
2000,10000,1.479,0.055410146713256836
2000,10000,1.55775,0.05695962905883789
2000,10000,1.51575,0.05603623390197754
2000,10000,1.56675,0.05725431442260742
2000,10000,1.52325,0.05604982376098633
2000,10000,1.51275,0.05581927299499512
2000,10000,1.58025,0.05732893943786621
2000,10000,1.557,0.05689191818237305
2000,10000,1.506,0.055869340896606445
2000,10000,1.5,0.05571126937866211
2000,10000,1.4835,0.05549931526184082
2000,10000,1.5375,0.056215524673461914
2000,10000,1.50825,0.05573749542236328
2000,10000,1.461,0.05456829071044922
2000,10000,1.45425,0.05430197715759277
2000,10000,1.51575,0.055939435958862305
2000,10000,1.51725,0.05667448043823242
2000,10000,1.5255,0.05651664733886719
2000,10000,1.545,0.05651593208312988
2000,10000,1.53075,0.05627560615539551
2000,10000,1.488,0.05522871017456055
2000,10000,1.5015,0.055489301681518555
2000,10000,1.509,0.05601358413696289
2000,10000,1.48425,0.055150747299194336
2000,10000,1.533,0.05625200271606445
2000,10000,1.50225,0.05546379089355469
2000,10000,1.52025,0.05608940124511719
2000,10000,1.431,0.0540618896484375
2000,10000,1.53675,0.056674957275390625
2000,10000,1.50675,0.05608081817626953
2000,10000,1.49925,0.05583453178405762
2000,10000,1.5495,0.0565035343170166
2000,10000,1.46925,0.054702043533325195
2000,10000,1.4535,0.05443859100341797
2000,10000,1.4895,0.055199623107910156
2000,10000,1.52775,0.05634808540344238
2000,10000,1.51725,0.056069374084472656
2000,10000,1.4955,0.05563187599182129
2000,10000,1.455,0.05451560020446777
2000,10000,1.5075,0.05618000030517578
2000,10000,1.479,0.05549120903015137
2000,10000,1.497,0.055879831314086914
2000,10000,1.51875,0.05610990524291992
2000,10000,1.461,0.05495476722717285
2000,10000,1.53825,0.056561946868896484
2000,10000,1.5435,0.05647158622741699
2000,10000,1.5375,0.05671834945678711
2000,10000,1.494,0.05536365509033203
2000,10000,1.52775,0.056458473205566406
2000,10000,1.46925,0.05487322807312012
2000,10000,1.44525,0.054334163665771484
2000,10000,1.48725,0.05522561073303223
2000,10000,1.48275,0.05501389503479004
2000,10000,1.48575,0.05558323860168457
2000,10000,1.52325,0.056224822998046875
2000,10000,1.52475,0.05630373954772949
2000,10000,1.5015,0.055587053298950195
2000,10000,1.53675,0.05630135536193848
2000,10000,1.4985,0.05540657043457031
2000,10000,1.49925,0.055498600006103516
2000,10000,1.52625,0.05698752403259277
2000,10000,1.488,0.055440664291381836
2000,10000,1.4955,0.05562257766723633
2000,10000,1.43175,0.05402827262878418
2000,10000,1.46625,0.05533242225646973
2000,10000,1.5255,0.056131601333618164
2000,10000,1.47525,0.05520510673522949
2000,10000,1.46925,0.054694414138793945
2000,10000,1.5255,0.056377410888671875
2000,10000,1.548,0.05660104751586914
2000,10000,1.5405,0.056520938873291016
2000,10000,1.4865,0.055661916732788086
2000,10000,1.51275,0.055878639221191406
2000,10000,1.4745,0.05547833442687988
2000,10000,1.4745,0.05518054962158203
2000,10000,1.49325,0.055617332458496094
2000,10000,1.4835,0.055098772048950195
2000,10000,1.518,0.05617856979370117
2000,10000,1.45725,0.05515456199645996
2000,10000,1.50225,0.05570220947265625
2000,10000,1.51875,0.055860042572021484
2000,10000,1.50375,0.05565953254699707
2000,10000,1.4355,0.05431485176086426
2000,10000,1.53225,0.05621695518493652
2000,10000,1.4685,0.0550689697265625
2000,10000,1.50075,0.05539846420288086
2000,10000,1.4865,0.0552525520324707
2000,10000,1.5105,0.055716753005981445
2000,10000,1.503,0.055683135986328125
2000,10000,1.54725,0.056792497634887695
2000,10000,1.46925,0.055448055267333984
2000,10000,1.54875,0.056749820709228516
2000,10000,1.5225,0.05600690841674805
2000,10000,1.533,0.05633950233459473
2000,10000,1.52625,0.05616402626037598
2000,10000,1.49775,0.05629467964172363
2000,10000,1.49625,0.05557394027709961
2000,10000,1.485,0.055362701416015625
2000,10000,1.54275,0.05658125877380371
2000,10000,1.5255,0.05621695518493652
2000,10000,1.43625,0.05448746681213379
2000,10000,1.48575,0.05514788627624512
2000,10000,1.50675,0.055609703063964844
2000,10000,1.479,0.05544614791870117
2000,10000,1.47825,0.05513954162597656
2000,10000,1.53975,0.056598663330078125
2000,10000,1.5,0.055577993392944336
2000,10000,1.52175,0.055757761001586914
2000,10000,1.51125,0.05633807182312012
2000,10000,1.4835,0.055364370346069336
2000,10000,1.515,0.05590415000915527
2000,10000,1.5135,0.056006431579589844
2000,10000,1.488,0.05567598342895508
2000,10000,1.449,0.054437875747680664
2000,10000,1.4835,0.05522513389587402
2000,10000,1.49025,0.05523085594177246
2000,10000,1.50225,0.055490970611572266
2000,10000,1.55325,0.056680917739868164
2000,10000,1.479,0.05532360076904297
2000,10000,1.51275,0.05598044395446777
2000,10000,1.49325,0.055425167083740234
2000,10000,1.50675,0.056450605392456055
2000,10000,1.55625,0.0570988655090332
2000,10000,1.55475,0.057387590408325195
2000,10000,1.46175,0.05475354194641113
2000,10000,1.533,0.05632519721984863
2000,10000,1.527,0.056571245193481445
2000,10000,1.48425,0.055403947830200195
2000,10000,1.53375,0.05652332305908203
2000,10000,1.4925,0.05580496788024902
2000,10000,1.5135,0.055722713470458984
2000,10000,1.539,0.05652308464050293
2000,10000,1.51275,0.05591177940368652
2000,10000,1.518,0.05608487129211426
2000,10000,1.5285,0.0561065673828125
2000,10000,1.494,0.05635809898376465
2000,10000,1.5195,0.05644702911376953
2000,10000,1.575,0.05714249610900879
2000,10000,1.5015,0.0558924674987793
2000,10000,1.4925,0.05574393272399902
2000,10000,1.5285,0.05628037452697754
2000,10000,1.53525,0.05640459060668945
2000,10000,1.476,0.0549321174621582
2000,10000,1.56075,0.05718350410461426
2000,10000,1.557,0.057237863540649414
2000,10000,1.5195,0.055732011795043945
2000,10000,1.5,0.055988311767578125
2000,10000,1.533,0.05690407752990723
2000,10000,1.482,0.055267333984375
2000,10000,1.542,0.05643177032470703
2000,10000,1.4655,0.0553889274597168
2000,10000,1.479,0.055193185806274414
2000,10000,1.47975,0.05511951446533203
2000,10000,1.48875,0.055708885192871094
2000,10000,1.50525,0.055750370025634766
2000,10000,1.53075,0.056403398513793945
2000,10000,1.488,0.05554699897766113
2000,10000,1.52625,0.056040287017822266
2000,10000,1.5,0.05556344985961914
2000,10000,1.51275,0.05659341812133789
2000,10000,1.49925,0.05581855773925781
2000,10000,1.4985,0.055455684661865234
2000,10000,1.5135,0.05611467361450195
2000,10000,1.512,0.0559079647064209
2000,10000,1.43475,0.05465960502624512
2000,10000,1.458,0.054587602615356445
2000,10000,1.5195,0.055846214294433594
2000,10000,1.4505,0.05442953109741211
2000,10000,1.54425,0.05727577209472656
2000,10000,1.5075,0.057570695877075195
2000,10000,1.49475,0.05661964416503906
2000,10000,1.47825,0.05680394172668457
2000,10000,1.494,0.05659127235412598
2000,10000,1.485,0.05641913414001465
2000,10000,1.54875,0.05775904655456543
2000,10000,1.539,0.05659842491149902
2000,10000,1.50975,0.057523488998413086
2000,10000,1.5735,0.05830073356628418
2000,10000,1.485,0.05674147605895996
2000,10000,1.4595,0.055910348892211914
2000,10000,1.485,0.0568540096282959
2000,10000,1.4625,0.055815935134887695
2000,10000,1.52475,0.05721092224121094
2000,10000,1.46775,0.05583500862121582
2000,10000,1.55925,0.05688071250915527
2000,10000,1.47075,0.05491280555725098
2000,10000,1.458,0.05470013618469238
2000,10000,1.51725,0.05578255653381348
2000,10000,1.4895,0.05571150779724121
2000,10000,1.5,0.05598568916320801
2000,10000,1.5285,0.056017398834228516
2000,10000,1.5735,0.05825686454772949
2000,10000,1.53825,0.057440996170043945
2000,10000,1.563,0.058287620544433594
2000,10000,1.45725,0.05598759651184082
2000,10000,1.4565,0.056055545806884766
2000,10000,1.51425,0.056092023849487305
2000,10000,1.50525,0.056292057037353516
2000,10000,1.52475,0.056960105895996094
2000,10000,1.51875,0.0566713809967041
2000,10000,1.49325,0.05704975128173828
2000,10000,1.4535,0.05568957328796387
2000,10000,1.51425,0.05705118179321289
2000,10000,1.485,0.05579710006713867
2000,10000,1.51275,0.056752681732177734
2000,10000,1.57875,0.057985544204711914
2000,10000,1.551,0.05780601501464844
2000,10000,1.5015,0.056401968002319336
2000,10000,1.43475,0.05531811714172363
2000,10000,1.48275,0.05644345283508301
2000,10000,1.5285,0.05745863914489746
2000,10000,1.5,0.05677461624145508
2000,10000,1.518,0.05670809745788574
2000,10000,1.5255,0.05681037902832031
2000,10000,1.51425,0.05681777000427246
2000,10000,1.52175,0.056655168533325195
2000,10000,1.57425,0.05766463279724121
2000,10000,1.50075,0.05696296691894531
2000,10000,1.44525,0.05502057075500488
2000,10000,1.49925,0.05705618858337402
2000,10000,1.467,0.05596733093261719
2000,10000,1.56525,0.05772113800048828
2000,10000,1.536,0.05740952491760254
2000,10000,1.54125,0.05718207359313965
2000,10000,1.527,0.0569605827331543
2000,10000,1.53075,0.05691981315612793
2000,10000,1.5405,0.05762839317321777
2000,10000,1.54425,0.058702707290649414
2000,10000,1.45575,0.056038618087768555
2000,10000,1.50225,0.05908393859863281
2000,10000,1.536,0.05773138999938965
2000,10000,1.512,0.057344913482666016
2000,10000,1.52775,0.056802988052368164
2000,10000,1.5105,0.056792259216308594
2000,10000,1.4715,0.05630993843078613
2000,10000,1.5015,0.05678749084472656
2000,10000,1.482,0.056488990783691406
2000,10000,1.5405,0.05817389488220215
2000,10000,1.48875,0.05696678161621094
2000,10000,1.446,0.05578112602233887
2000,10000,1.503,0.056086063385009766
2000,10000,1.57275,0.05822587013244629
2000,10000,1.52325,0.057061195373535156
2000,10000,1.51275,0.056591033935546875
2000,10000,1.47225,0.0558476448059082
2000,10000,1.48275,0.05615067481994629
2000,10000,1.52325,0.05701494216918945
2000,10000,1.398,0.05413651466369629
2000,10000,1.51575,0.057259321212768555
2000,10000,1.476,0.055295705795288086
2000,10000,1.49175,0.05584526062011719
2000,10000,1.479,0.055144548416137695
2000,10000,1.4685,0.054927825927734375
2000,10000,1.4835,0.05517005920410156
2000,10000,1.53525,0.05647921562194824
2000,10000,1.5015,0.05597877502441406
2000,10000,1.503,0.05582237243652344
2000,10000,1.58625,0.058029890060424805
2000,10000,1.4985,0.05585360527038574
2000,10000,1.52475,0.05654120445251465
2000,10000,1.5255,0.05678677558898926
2000,10000,1.52775,0.05615067481994629
2000,10000,1.5435,0.05632925033569336
2000,10000,1.4805,0.055159807205200195
2000,10000,1.47,0.055205345153808594
2000,10000,1.51725,0.05583977699279785
2000,10000,1.5855,0.05749320983886719
2000,10000,1.49325,0.056092262268066406
2000,10000,1.5435,0.05675792694091797
2000,10000,1.46925,0.05486869812011719
2000,10000,1.55175,0.05746817588806152
2000,10000,1.4955,0.05551409721374512
2000,10000,1.5165,0.05601644515991211
2000,10000,1.5135,0.05600166320800781
2000,10000,1.45725,0.05451202392578125
2000,10000,1.542,0.056366920471191406
2000,10000,1.464,0.054892539978027344
2000,10000,1.49325,0.05568861961364746
2000,10000,1.53075,0.05636930465698242
2000,10000,1.569,0.05721855163574219
2000,10000,1.5495,0.05670452117919922
2000,10000,1.5105,0.05587267875671387
2000,10000,1.5315,0.056316375732421875
2000,10000,1.49475,0.055869102478027344
2000,10000,1.51875,0.05605792999267578
2000,10000,1.527,0.05606961250305176
2000,10000,1.548,0.05657529830932617
2000,10000,1.5075,0.05557751655578613
2000,10000,1.49175,0.055452585220336914
2000,10000,1.5165,0.055960655212402344
2000,10000,1.53975,0.05771207809448242
2000,10000,1.5615,0.057904958724975586
2000,10000,1.4985,0.05675053596496582
2000,10000,1.50375,0.05732917785644531
2000,10000,1.52175,0.05734395980834961
2000,10000,1.53675,0.05663442611694336
2000,10000,1.52775,0.056203603744506836
2000,10000,1.449,0.05458211898803711
2000,10000,1.45275,0.05446171760559082
2000,10000,1.54575,0.05632829666137695
2000,10000,1.50525,0.05578756332397461
2000,10000,1.506,0.05583071708679199
2000,10000,1.50825,0.05586123466491699
2000,10000,1.5585,0.056853532791137695
2000,10000,1.482,0.05538344383239746
2000,10000,1.50825,0.055643320083618164
2000,10000,1.4865,0.055844783782958984
2000,10000,1.5015,0.055986881256103516
2000,10000,1.4505,0.054848670959472656
2000,10000,1.55925,0.05685615539550781
2000,10000,1.4685,0.05522656440734863
2000,10000,1.512,0.05559039115905762
2000,10000,1.58775,0.057450294494628906
2000,10000,1.569,0.05732893943786621
2000,10000,1.455,0.05450749397277832
2000,10000,1.49175,0.05538511276245117
2000,10000,1.50375,0.05575299263000488
2000,10000,1.4475,0.05457806587219238
2000,10000,1.55325,0.05752968788146973
2000,10000,1.503,0.05580401420593262
2000,10000,1.545,0.05665755271911621
2000,10000,1.53525,0.056524038314819336
2000,10000,1.50075,0.055867671966552734
2000,10000,1.59675,0.057473182678222656
2000,10000,1.52475,0.05648469924926758
2000,10000,1.50525,0.05553078651428223
2000,10000,1.512,0.05585455894470215
2000,10000,1.53375,0.05715751647949219
2000,10000,1.5285,0.05625605583190918
2000,10000,1.54575,0.05650949478149414
2000,10000,1.48275,0.055162906646728516
2000,10000,1.539,0.056703805923461914
2000,10000,1.50075,0.055429697036743164
2000,10000,1.53225,0.056250810623168945
2000,10000,1.5555,0.05684041976928711
2000,10000,1.557,0.057152509689331055
2000,10000,1.473,0.05555891990661621
2000,10000,1.467,0.0547943115234375
2000,10000,1.461,0.05473589897155762
2000,10000,1.50825,0.055979013442993164
2000,10000,1.5465,0.05713534355163574
2000,10000,1.50375,0.05550885200500488
2000,10000,1.521,0.05622363090515137
2000,10000,1.443,0.05419445037841797
2000,10000,1.52925,0.05651736259460449
2000,10000,1.4985,0.05567312240600586
2000,10000,1.521,0.056015729904174805
2000,10000,1.491,0.05521559715270996
2000,10000,1.53,0.05650687217712402
2000,10000,1.50225,0.055655479431152344
2000,10000,1.5135,0.05656123161315918
2000,10000,1.50225,0.05566143989562988
2000,10000,1.5135,0.05578899383544922
